#wls	flux	flux_err
3295.0000	4.1000e+04	6.8783e+03
3297.2880	4.0997e+04	6.8783e+03
3299.5760	4.1273e+04	6.8783e+03
3301.8650	4.1146e+04	6.8783e+03
3304.1530	4.0954e+04	6.8783e+03
3306.4410	4.0835e+04	6.8783e+03
3308.7290	4.0849e+04	6.8783e+03
3311.0180	4.0587e+04	6.8783e+03
3313.3060	4.0348e+04	6.8783e+03
3315.5940	4.0457e+04	6.8783e+03
3317.8820	4.0579e+04	6.8783e+03
3320.1710	4.0739e+04	6.8948e+03
3322.4590	4.0777e+04	6.8332e+03
3324.7470	4.0715e+04	6.9121e+03
3327.0350	4.0655e+04	7.0337e+03
3329.3230	4.0504e+04	7.1498e+03
3331.6120	4.0378e+04	7.2407e+03
3333.9000	4.0345e+04	7.3189e+03
3336.1880	4.0357e+04	7.4376e+03
3338.4760	4.0251e+04	7.4249e+03
3340.7650	4.0163e+04	7.5104e+03
3343.0530	4.0114e+04	7.0309e+03
3345.3410	4.0195e+04	6.9034e+03
3347.6290	4.0138e+04	6.6805e+03
3349.9180	4.0249e+04	6.2461e+03
3352.2060	4.0308e+04	6.1988e+03
3354.4940	4.0180e+04	6.4628e+03
3356.7820	4.0147e+04	6.8015e+03
3359.0700	4.0193e+04	6.7753e+03
3361.3590	4.0203e+04	6.5317e+03
3363.6470	4.0214e+04	6.2501e+03
3365.9350	4.0308e+04	6.2500e+03
3368.2230	4.0291e+04	6.2184e+03
3370.5120	4.0213e+04	6.2688e+03
3372.8000	4.0046e+04	6.1797e+03
3375.0880	4.0070e+04	6.9530e+03
3377.3760	4.0169e+04	6.6335e+03
3379.6650	4.0152e+04	6.5641e+03
3381.9530	4.0261e+04	6.5330e+03
3384.2410	4.0221e+04	6.4791e+03
3386.5290	4.0170e+04	6.9297e+03
3388.8170	4.0411e+04	7.4039e+03
3391.1060	4.0902e+04	6.7116e+03
3393.3940	4.1072e+04	6.6756e+03
3395.6820	4.1095e+04	6.8683e+03
3397.9700	4.1449e+04	6.8693e+03
3400.2590	4.1673e+04	6.8026e+03
3402.5470	4.1820e+04	6.6272e+03
3404.8350	4.1758e+04	6.4043e+03
3407.1230	4.2114e+04	6.3609e+03
3409.4120	4.2610e+04	6.3143e+03
3411.7000	4.2772e+04	6.3382e+03
3413.9880	4.2882e+04	6.2985e+03
3416.2760	4.3004e+04	6.3558e+03
3418.5640	4.2756e+04	6.2067e+03
3420.8530	4.2615e+04	6.2534e+03
3423.1410	4.2774e+04	5.0183e+03
3425.4290	4.3026e+04	5.2390e+03
3427.7170	4.2862e+04	5.3014e+03
3430.0060	4.2755e+04	5.3284e+03
3432.2940	4.2817e+04	5.2589e+03
3434.5820	4.2702e+04	4.7558e+03
3436.8700	4.2884e+04	3.6010e+03
3439.1590	4.3267e+04	3.6290e+03
3441.4470	4.3565e+04	3.8896e+03
3443.7350	4.3642e+04	3.6032e+03
3446.0230	4.3548e+04	3.5094e+03
3448.3120	4.3495e+04	3.9093e+03
3450.6000	4.3541e+04	3.9112e+03
3452.8880	4.3334e+04	3.8296e+03
3455.1760	4.3158e+04	3.8401e+03
3457.4640	4.3248e+04	3.8393e+03
3459.7530	4.3317e+04	4.1977e+03
3462.0410	4.3209e+04	4.8754e+03
3464.3290	4.3105e+04	4.8137e+03
3466.6170	4.3308e+04	5.6141e+03
3468.9060	4.3495e+04	5.5813e+03
3471.1940	4.3844e+04	5.8216e+03
3473.4820	4.4047e+04	5.6867e+03
3475.7700	4.4320e+04	5.5774e+03
3478.0590	4.4339e+04	5.5678e+03
3480.3470	4.4417e+04	5.8012e+03
3482.6350	4.4449e+04	5.7927e+03
3484.9230	4.4660e+04	6.4554e+03
3487.2110	4.4914e+04	6.4147e+03
3489.5000	4.4956e+04	6.1398e+03
3491.7880	4.4868e+04	6.1712e+03
3494.0760	4.4811e+04	6.2774e+03
3496.3640	4.4807e+04	6.1103e+03
3498.6530	4.4405e+04	6.1394e+03
3500.9410	4.4480e+04	6.1369e+03
3503.2290	4.4602e+04	6.1406e+03
3505.5170	4.4875e+04	6.1490e+03
3507.8060	4.4809e+04	5.9118e+03
3510.0940	4.4822e+04	5.2450e+03
3512.3820	4.5051e+04	5.2583e+03
3514.6700	4.5049e+04	4.6028e+03
3516.9580	4.5068e+04	4.7645e+03
3519.2470	4.4757e+04	4.4972e+03
3521.5350	4.4564e+04	4.7033e+03
3523.8230	4.4427e+04	4.8096e+03
3526.1110	4.4210e+04	4.7804e+03
3528.4000	4.4306e+04	4.3722e+03
3530.6880	4.4354e+04	4.3479e+03
3532.9760	4.4394e+04	3.5112e+03
3535.2640	4.4387e+04	3.5155e+03
3537.5530	4.4456e+04	3.5167e+03
3539.8410	4.4544e+04	4.0609e+03
3542.1290	4.4709e+04	4.3623e+03
3544.4170	4.4734e+04	4.3657e+03
3546.7050	4.4764e+04	4.6538e+03
3548.9940	4.4668e+04	4.6114e+03
3551.2820	4.4552e+04	4.5576e+03
3553.5700	4.4587e+04	4.5549e+03
3555.8580	4.4578e+04	4.7827e+03
3558.1470	4.4495e+04	4.8560e+03
3560.4350	4.4298e+04	4.9429e+03
3562.7230	4.4012e+04	5.2548e+03
3565.0110	4.3840e+04	5.1535e+03
3567.3000	4.3581e+04	5.3044e+03
3569.5880	4.3364e+04	5.1712e+03
3571.8760	4.3408e+04	5.1432e+03
3574.1640	4.3371e+04	5.1444e+03
3576.4520	4.3044e+04	5.2375e+03
3578.7410	4.2922e+04	5.2809e+03
3581.0290	4.2719e+04	6.0106e+03
3583.3170	4.2743e+04	6.2009e+03
3585.6050	4.2873e+04	6.2630e+03
3587.8940	4.2842e+04	5.8554e+03
3590.1820	4.2502e+04	5.4196e+03
3592.4700	4.2354e+04	5.3223e+03
3594.7580	4.2209e+04	5.3620e+03
3597.0470	4.2035e+04	5.3791e+03
3599.3350	4.1883e+04	5.4642e+03
3601.6230	4.1948e+04	5.8105e+03
3603.9110	4.2168e+04	5.6746e+03
3606.1990	4.2149e+04	5.6768e+03
3608.4880	4.1979e+04	5.5972e+03
3610.7760	4.2010e+04	5.0419e+03
3613.0640	4.2211e+04	4.9859e+03
3615.3520	4.2119e+04	4.7732e+03
3617.6410	4.2006e+04	4.8079e+03
3619.9290	4.1952e+04	4.8051e+03
3622.2170	4.1949e+04	4.7154e+03
3624.5050	4.1826e+04	4.6371e+03
3626.7940	4.1944e+04	4.6044e+03
3629.0820	4.1992e+04	3.4467e+03
3631.3700	4.2094e+04	2.9719e+03
3633.6580	4.2063e+04	3.0434e+03
3635.9460	4.2247e+04	3.0561e+03
3638.2350	4.2136e+04	3.2823e+03
3640.5230	4.2077e+04	3.3443e+03
3642.8110	4.2223e+04	3.1986e+03
3645.0990	4.2477e+04	3.1829e+03
3647.3880	4.2623e+04	3.2095e+03
3649.6760	4.2434e+04	3.0316e+03
3651.9640	4.2348e+04	3.0909e+03
3654.2520	4.2344e+04	2.9829e+03
3656.5410	4.2092e+04	2.9778e+03
3658.8290	4.1892e+04	3.0261e+03
3661.1170	4.1872e+04	2.9888e+03
3663.4050	4.1947e+04	3.0025e+03
3665.6930	4.2131e+04	3.1848e+03
3667.9820	4.2254e+04	3.2546e+03
3670.2700	4.2197e+04	3.4985e+03
3672.5580	4.2294e+04	3.6715e+03
3674.8460	4.2499e+04	4.0602e+03
3677.1350	4.2666e+04	4.0955e+03
3679.4230	4.2556e+04	4.1261e+03
3681.7110	4.2461e+04	4.1581e+03
3683.9990	4.2540e+04	4.1364e+03
3686.2880	4.2261e+04	3.9192e+03
3688.5760	4.2307e+04	3.9366e+03
3690.8640	4.2663e+04	3.9778e+03
3693.1520	4.2783e+04	3.9934e+03
3695.4400	4.3075e+04	3.9467e+03
3697.7290	4.3569e+04	3.6279e+03
3700.0170	4.3757e+04	3.6888e+03
3702.3050	4.3810e+04	3.6855e+03
3704.5930	4.3745e+04	3.6734e+03
3706.8820	4.3652e+04	3.5767e+03
3709.1700	4.3548e+04	3.6962e+03
3711.4580	4.3505e+04	3.6230e+03
3713.7460	4.3446e+04	3.2197e+03
3716.0350	4.3268e+04	3.0586e+03
3718.3230	4.3439e+04	3.2601e+03
3720.6110	4.3456e+04	3.9742e+03
3722.8990	4.3470e+04	4.0209e+03
3725.1870	4.3794e+04	3.9933e+03
3727.4760	4.3837e+04	3.9553e+03
3729.7640	4.3845e+04	3.9718e+03
3732.0520	4.3975e+04	4.0095e+03
3734.3400	4.3894e+04	3.9863e+03
3736.6290	4.3823e+04	3.9302e+03
3738.9170	4.3707e+04	3.9056e+03
3741.2050	4.3601e+04	3.8406e+03
3743.4930	4.3372e+04	3.8305e+03
3745.7820	4.3232e+04	3.8275e+03
3748.0700	4.2961e+04	3.7007e+03
3750.3580	4.2797e+04	3.7491e+03
3752.6460	4.2753e+04	3.6689e+03
3754.9350	4.2767e+04	3.9131e+03
3757.2230	4.2760e+04	4.1538e+03
3759.5110	4.2909e+04	4.1378e+03
3761.7990	4.3119e+04	4.5226e+03
3764.0870	4.3024e+04	4.8520e+03
3766.3760	4.3111e+04	4.7286e+03
3768.6640	4.3206e+04	4.2206e+03
3770.9520	4.3254e+04	3.8233e+03
3773.2400	4.2945e+04	4.3272e+03
3775.5290	4.3055e+04	4.4570e+03
3777.8170	4.3178e+04	4.2567e+03
3780.1050	4.3116e+04	4.5323e+03
3782.3930	4.2816e+04	4.6448e+03
3784.6820	4.2538e+04	4.7239e+03
3786.9700	4.2293e+04	4.7430e+03
3789.2580	4.1950e+04	4.7498e+03
3791.5460	4.1640e+04	4.7647e+03
3793.8340	4.1531e+04	4.9157e+03
3796.1230	4.1358e+04	4.9208e+03
3798.4110	4.1392e+04	4.8004e+03
3800.6990	4.1490e+04	5.1933e+03
3802.9870	4.1582e+04	5.2213e+03
3805.2760	4.1638e+04	4.8775e+03
3807.5640	4.1764e+04	5.2488e+03
3809.8520	4.1847e+04	4.8759e+03
3812.1400	4.1810e+04	4.4090e+03
3814.4290	4.2141e+04	4.5382e+03
3816.7170	4.2545e+04	4.3843e+03
3819.0050	4.3077e+04	4.5486e+03
3821.2930	4.3395e+04	4.5802e+03
3823.5810	4.3871e+04	5.3349e+03
3825.8700	4.4299e+04	5.7058e+03
3828.1580	4.4786e+04	5.6178e+03
3830.4460	4.5456e+04	5.4843e+03
3832.7340	4.6147e+04	5.3506e+03
3835.0230	4.6669e+04	5.3832e+03
3837.3110	4.7217e+04	5.3862e+03
3839.5990	4.7854e+04	5.3701e+03
3841.8870	4.8321e+04	5.2799e+03
3844.1760	4.8531e+04	5.3252e+03
3846.4640	4.8881e+04	5.5832e+03
3848.7520	4.9189e+04	5.2605e+03
3851.0400	4.9683e+04	5.4453e+03
3853.3280	5.0175e+04	6.3012e+03
3855.6170	5.0823e+04	6.3154e+03
3857.9050	5.1421e+04	6.3002e+03
3860.1930	5.1890e+04	6.2990e+03
3862.4810	5.2242e+04	6.2908e+03
3864.7700	5.2534e+04	6.2919e+03
3867.0580	5.2882e+04	6.2296e+03
3869.3460	5.3438e+04	6.0266e+03
3871.6340	5.3782e+04	5.4097e+03
3873.9230	5.3970e+04	4.9263e+03
3876.2110	5.4249e+04	4.6082e+03
3878.4990	5.4309e+04	4.4941e+03
3880.7870	5.4476e+04	4.7002e+03
3883.0750	5.4324e+04	4.7391e+03
3885.3640	5.4436e+04	5.2116e+03
3887.6520	5.4874e+04	5.6953e+03
3889.9400	5.5146e+04	5.7313e+03
3892.2280	5.5723e+04	5.7275e+03
3894.5170	5.6149e+04	5.6131e+03
3896.8050	5.6382e+04	5.5620e+03
3899.0930	5.6548e+04	5.3100e+03
3901.3810	5.7050e+04	4.2573e+03
3903.6700	5.7251e+04	3.5586e+03
3905.9580	5.7399e+04	4.0307e+03
3908.2460	5.7731e+04	4.1395e+03
3910.5340	5.8069e+04	4.1406e+03
3912.8220	5.8322e+04	4.1269e+03
3915.1110	5.8634e+04	4.4173e+03
3917.3990	5.8611e+04	4.4572e+03
3919.6870	5.8770e+04	4.4309e+03
3921.9750	5.8639e+04	4.4107e+03
3924.2640	5.8382e+04	4.7001e+03
3926.5520	5.8337e+04	4.6740e+03
3928.8400	5.8170e+04	4.7052e+03
3931.1280	5.7810e+04	4.9108e+03
3933.4170	5.7787e+04	4.7237e+03
3935.7050	5.7948e+04	4.5090e+03
3937.9930	5.8136e+04	4.4635e+03
3940.2810	5.8303e+04	4.5176e+03
3942.5690	5.8588e+04	4.4696e+03
3944.8580	5.8617e+04	5.1106e+03
3947.1460	5.8854e+04	5.0896e+03
3949.4340	5.9351e+04	5.0696e+03
3951.7220	5.9803e+04	5.2803e+03
3954.0110	6.0343e+04	5.3780e+03
3956.2990	6.0821e+04	5.6343e+03
3958.5870	6.1275e+04	6.7703e+03
3960.8750	6.1699e+04	7.8238e+03
3963.1640	6.2439e+04	7.7981e+03
3965.4520	6.2921e+04	7.9071e+03
3967.7400	6.3615e+04	7.8792e+03
3970.0280	6.4272e+04	7.8735e+03
3972.3160	6.5073e+04	7.6628e+03
3974.6050	6.5417e+04	7.7035e+03
3976.8930	6.5804e+04	7.8197e+03
3979.1810	6.6397e+04	7.7987e+03
3981.4690	6.6996e+04	7.7935e+03
3983.7580	6.7638e+04	7.6069e+03
3986.0460	6.8006e+04	7.8911e+03
3988.3340	6.8605e+04	8.0016e+03
3990.6220	6.9222e+04	8.2503e+03
3992.9110	6.9842e+04	7.8175e+03
3995.1990	7.0707e+04	8.0055e+03
3997.4870	7.1656e+04	8.1316e+03
3999.7750	7.2507e+04	7.8585e+03
4002.0630	7.3126e+04	7.8186e+03
4004.3520	7.3893e+04	8.0447e+03
4006.6400	7.4740e+04	7.7995e+03
4008.9280	7.5770e+04	6.8961e+03
4011.2160	7.7072e+04	6.7329e+03
4013.5050	7.8058e+04	6.4837e+03
4015.7930	7.8968e+04	6.6022e+03
4018.0810	7.9905e+04	6.8497e+03
4020.3690	8.0997e+04	7.0532e+03
4022.6580	8.1810e+04	7.2839e+03
4024.9460	8.2650e+04	7.1737e+03
4027.2340	8.3601e+04	7.1439e+03
4029.5220	8.4541e+04	7.0760e+03
4031.8110	8.5485e+04	7.0168e+03
4034.0990	8.6343e+04	6.7200e+03
4036.3870	8.7121e+04	6.5890e+03
4038.6750	8.7394e+04	6.3342e+03
4040.9630	8.7942e+04	6.2827e+03
4043.2520	8.8648e+04	6.0028e+03
4045.5400	8.9351e+04	6.3095e+03
4047.8280	9.0211e+04	6.3582e+03
4050.1160	9.0716e+04	6.4478e+03
4052.4050	9.0978e+04	6.0628e+03
4054.6930	9.1077e+04	5.8483e+03
4056.9810	9.1062e+04	5.7452e+03
4059.2690	9.0848e+04	5.7986e+03
4061.5580	9.0805e+04	6.0780e+03
4063.8460	9.0736e+04	5.9872e+03
4066.1340	9.0684e+04	5.6568e+03
4068.4220	9.0101e+04	5.5370e+03
4070.7100	8.9511e+04	5.0831e+03
4072.9990	8.8736e+04	5.1194e+03
4075.2870	8.7796e+04	5.1194e+03
4077.5750	8.7134e+04	5.3975e+03
4079.8630	8.6455e+04	5.7895e+03
4082.1520	8.5851e+04	5.8701e+03
4084.4400	8.5343e+04	5.8406e+03
4086.7280	8.4633e+04	5.8317e+03
4089.0160	8.4084e+04	5.8065e+03
4091.3050	8.3420e+04	5.9681e+03
4093.5930	8.2931e+04	5.6093e+03
4095.8810	8.2269e+04	5.5403e+03
4098.1690	8.1710e+04	5.7468e+03
4100.4570	8.1078e+04	6.0667e+03
4102.7460	8.0238e+04	5.4323e+03
4105.0340	7.9424e+04	5.3115e+03
4107.3220	7.8463e+04	5.2557e+03
4109.6100	7.7422e+04	5.3537e+03
4111.8990	7.6431e+04	5.3691e+03
4114.1870	7.5266e+04	5.9250e+03
4116.4750	7.4377e+04	5.9087e+03
4118.7630	7.3181e+04	5.9203e+03
4121.0520	7.2427e+04	6.2344e+03
4123.3400	7.1799e+04	6.6257e+03
4125.6280	7.1074e+04	6.6418e+03
4127.9160	7.0449e+04	6.4467e+03
4130.2040	7.0024e+04	6.4174e+03
4132.4930	6.9376e+04	6.3522e+03
4134.7810	6.8468e+04	6.2338e+03
4137.0690	6.7665e+04	6.2011e+03
4139.3570	6.6971e+04	6.0190e+03
4141.6460	6.6086e+04	6.1576e+03
4143.9340	6.5517e+04	6.1079e+03
4146.2220	6.5193e+04	5.7313e+03
4148.5100	6.4779e+04	5.2820e+03
4150.7990	6.4326e+04	4.9172e+03
4153.0870	6.3845e+04	4.8869e+03
4155.3750	6.3448e+04	4.8479e+03
4157.6630	6.3141e+04	4.8864e+03
4159.9510	6.2979e+04	5.0344e+03
4162.2400	6.2581e+04	4.4923e+03
4164.5280	6.2379e+04	4.5563e+03
4166.8160	6.2070e+04	4.5890e+03
4169.1040	6.1590e+04	4.3298e+03
4171.3930	6.1084e+04	3.5823e+03
4173.6810	6.0987e+04	3.4516e+03
4175.9690	6.0653e+04	3.9566e+03
4178.2570	6.0121e+04	3.9440e+03
4180.5460	5.9702e+04	3.9751e+03
4182.8340	5.9216e+04	4.1242e+03
4185.1220	5.9066e+04	4.2106e+03
4187.4100	5.8848e+04	4.2242e+03
4189.6980	5.8473e+04	4.0953e+03
4191.9870	5.8303e+04	4.0754e+03
4194.2750	5.8136e+04	4.1488e+03
4196.5630	5.7867e+04	4.1116e+03
4198.8510	5.7502e+04	4.3836e+03
4201.1400	5.7452e+04	4.9176e+03
4203.4280	5.7571e+04	4.8989e+03
4205.7160	5.7461e+04	5.0479e+03
4208.0040	5.7478e+04	4.9354e+03
4210.2930	5.7174e+04	4.7963e+03
4212.5810	5.7139e+04	4.9014e+03
4214.8690	5.7298e+04	4.8926e+03
4217.1570	5.7234e+04	4.7930e+03
4219.4450	5.7170e+04	4.9304e+03
4221.7340	5.7292e+04	4.9294e+03
4224.0220	5.7602e+04	4.5428e+03
4226.3100	5.7804e+04	4.5720e+03
4228.5980	5.7933e+04	4.5244e+03
4230.8870	5.8083e+04	4.4210e+03
4233.1750	5.8238e+04	4.3895e+03
4235.4630	5.8605e+04	4.4117e+03
4237.7510	5.9333e+04	4.2083e+03
4240.0400	5.9744e+04	4.1981e+03
4242.3280	6.0110e+04	4.0927e+03
4244.6160	6.0267e+04	4.0903e+03
4246.9040	6.0307e+04	3.9681e+03
4249.1920	6.0441e+04	3.4570e+03
4251.4810	6.0590e+04	3.4130e+03
4253.7690	6.0738e+04	3.1140e+03
4256.0570	6.0905e+04	3.1328e+03
4258.3450	6.1096e+04	2.7816e+03
4260.6340	6.1231e+04	2.3993e+03
4262.9220	6.1345e+04	2.4250e+03
4265.2100	6.1308e+04	2.7038e+03
4267.4980	6.1396e+04	2.5059e+03
4269.7870	6.1390e+04	2.5130e+03
4272.0750	6.1457e+04	2.4367e+03
4274.3630	6.1505e+04	2.3610e+03
4276.6510	6.1444e+04	2.3421e+03
4278.9390	6.1437e+04	2.5704e+03
4281.2280	6.1581e+04	2.5764e+03
4283.5160	6.1666e+04	2.5586e+03
4285.8040	6.1717e+04	2.6877e+03
4288.0920	6.1789e+04	2.6951e+03
4290.3810	6.1880e+04	2.6334e+03
4292.6690	6.1635e+04	2.6321e+03
4294.9570	6.1596e+04	2.6037e+03
4297.2450	6.1642e+04	2.6620e+03
4299.5340	6.1486e+04	2.6774e+03
4301.8220	6.1369e+04	3.2898e+03
4304.1100	6.1001e+04	3.3406e+03
4306.3980	6.0819e+04	3.3556e+03
4308.6870	6.0751e+04	3.3138e+03
4310.9750	6.0735e+04	3.5904e+03
4313.2630	6.0888e+04	4.0286e+03
4315.5510	6.0921e+04	4.0219e+03
4317.8390	6.0942e+04	4.0439e+03
4320.1280	6.0852e+04	4.0553e+03
4322.4160	6.0682e+04	4.0434e+03
4324.7040	6.0455e+04	4.0389e+03
4326.9920	6.0264e+04	3.8434e+03
4329.2810	5.9919e+04	3.8339e+03
4331.5690	5.9598e+04	3.7938e+03
4333.8570	5.9465e+04	3.7129e+03
4336.1450	5.9595e+04	3.7152e+03
4338.4340	5.9542e+04	3.6779e+03
4340.7220	5.9431e+04	3.6769e+03
4343.0100	5.9481e+04	3.7185e+03
4345.2980	5.9501e+04	3.6147e+03
4347.5860	5.9388e+04	3.6775e+03
4349.8750	5.9475e+04	3.0425e+03
4352.1630	5.9511e+04	2.9162e+03
4354.4510	5.9271e+04	2.9014e+03
4356.7390	5.9179e+04	3.1091e+03
4359.0280	5.9118e+04	2.9382e+03
4361.3160	5.8923e+04	2.4409e+03
4363.6040	5.8856e+04	2.4008e+03
4365.8920	5.8695e+04	2.4358e+03
4368.1810	5.8453e+04	2.7045e+03
4370.4690	5.8419e+04	2.6978e+03
4372.7570	5.8304e+04	2.7841e+03
4375.0450	5.8165e+04	3.1113e+03
4377.3330	5.8007e+04	3.1562e+03
4379.6220	5.7992e+04	3.4672e+03
4381.9100	5.8001e+04	3.8140e+03
4384.1980	5.7930e+04	3.8681e+03
4386.4860	5.7897e+04	3.8650e+03
4388.7750	5.8068e+04	3.9145e+03
4391.0630	5.8176e+04	4.0861e+03
4393.3510	5.8250e+04	4.0532e+03
4395.6390	5.8269e+04	4.0626e+03
4397.9280	5.8383e+04	4.0662e+03
4400.2160	5.8521e+04	4.0635e+03
4402.5040	5.8571e+04	4.0046e+03
4404.7920	5.8941e+04	3.8049e+03
4407.0800	5.9056e+04	4.0354e+03
4409.3690	5.9418e+04	4.3741e+03
4411.6570	5.9888e+04	4.4157e+03
4413.9450	6.0152e+04	4.4174e+03
4416.2330	6.0513e+04	4.3394e+03
4418.5220	6.0668e+04	4.3464e+03
4420.8100	6.0979e+04	4.3771e+03
4423.0980	6.1376e+04	4.1432e+03
4425.3860	6.1912e+04	4.4564e+03
4427.6750	6.2420e+04	4.6426e+03
4429.9630	6.3027e+04	4.5660e+03
4432.2510	6.3360e+04	4.5520e+03
4434.5390	6.3592e+04	4.7344e+03
4436.8270	6.3772e+04	4.7093e+03
4439.1160	6.4062e+04	4.6191e+03
4441.4040	6.4357e+04	4.6518e+03
4443.6920	6.4690e+04	4.6107e+03
4445.9800	6.4856e+04	4.5952e+03
4448.2690	6.4946e+04	4.6195e+03
4450.5570	6.5099e+04	4.6440e+03
4452.8450	6.5391e+04	4.6914e+03
4455.1330	6.5606e+04	4.2903e+03
4457.4220	6.5877e+04	3.6412e+03
4459.7100	6.6134e+04	3.7117e+03
4461.9980	6.6476e+04	3.6984e+03
4464.2860	6.6845e+04	3.5410e+03
4466.5740	6.6990e+04	3.5667e+03
4468.8630	6.7270e+04	3.6323e+03
4471.1510	6.7605e+04	4.0703e+03
4473.4390	6.7921e+04	4.1263e+03
4475.7270	6.8296e+04	3.9063e+03
4478.0160	6.8562e+04	3.8929e+03
4480.3040	6.8746e+04	3.8478e+03
4482.5920	6.8963e+04	3.7228e+03
4484.8800	6.9325e+04	3.7256e+03
4487.1690	6.9635e+04	3.8361e+03
4489.4570	6.9870e+04	3.7435e+03
4491.7450	7.0288e+04	3.8690e+03
4494.0330	7.0662e+04	3.8321e+03
4496.3210	7.0963e+04	3.6689e+03
4498.6100	7.1151e+04	3.8514e+03
4500.8980	7.1243e+04	3.8650e+03
4503.1860	7.1627e+04	3.9267e+03
4505.4740	7.2028e+04	4.6313e+03
4507.7630	7.2353e+04	4.6264e+03
4510.0510	7.2623e+04	4.6160e+03
4512.3390	7.2819e+04	4.6511e+03
4514.6270	7.2915e+04	4.7173e+03
4516.9160	7.3220e+04	4.7835e+03
4519.2040	7.3621e+04	4.7034e+03
4521.4920	7.3913e+04	4.3606e+03
4523.7800	7.4106e+04	4.3248e+03
4526.0680	7.4268e+04	4.1967e+03
4528.3570	7.4473e+04	4.1962e+03
4530.6450	7.4806e+04	3.8778e+03
4532.9330	7.5247e+04	3.7966e+03
4535.2210	7.5349e+04	3.7261e+03
4537.5100	7.5607e+04	3.7305e+03
4539.7980	7.5993e+04	3.7401e+03
4542.0860	7.6368e+04	3.7108e+03
4544.3740	7.6670e+04	3.6761e+03
4546.6630	7.6860e+04	3.6863e+03
4548.9510	7.6995e+04	3.7293e+03
4551.2390	7.6939e+04	3.7098e+03
4553.5270	7.7242e+04	2.9831e+03
4555.8150	7.7323e+04	2.9966e+03
4558.1040	7.7192e+04	3.0150e+03
4560.3920	7.7191e+04	2.9522e+03
4562.6800	7.7041e+04	2.8417e+03
4564.9680	7.6969e+04	2.6289e+03
4567.2570	7.7059e+04	1.9251e+03
4569.5450	7.7076e+04	1.9900e+03
4571.8330	7.7110e+04	1.9655e+03
4574.1210	7.7208e+04	2.0450e+03
4576.4100	7.7261e+04	2.0128e+03
4578.6980	7.7231e+04	2.0545e+03
4580.9860	7.7194e+04	2.0716e+03
4583.2740	7.7142e+04	2.0525e+03
4585.5620	7.6853e+04	2.0090e+03
4587.8510	7.6532e+04	1.7901e+03
4590.1390	7.6318e+04	1.7799e+03
4592.4270	7.6209e+04	1.8787e+03
4594.7150	7.6219e+04	2.1689e+03
4597.0040	7.6199e+04	2.2020e+03
4599.2920	7.6076e+04	2.2460e+03
4601.5800	7.6010e+04	2.1911e+03
4603.8680	7.5723e+04	2.1525e+03
4606.1570	7.5759e+04	2.1284e+03
4608.4450	7.5763e+04	2.0794e+03
4610.7330	7.5532e+04	2.7264e+03
4613.0210	7.5373e+04	2.7163e+03
4615.3100	7.5294e+04	2.7136e+03
4617.5980	7.5326e+04	2.7519e+03
4619.8860	7.5422e+04	2.8504e+03
4622.1740	7.5435e+04	2.7455e+03
4624.4620	7.5364e+04	2.8268e+03
4626.7510	7.5222e+04	2.8235e+03
4629.0390	7.4920e+04	2.8558e+03
4631.3270	7.4807e+04	2.8493e+03
4633.6150	7.4732e+04	2.9959e+03
4635.9040	7.4684e+04	3.1847e+03
4638.1920	7.4636e+04	3.6239e+03
4640.4800	7.4554e+04	3.7187e+03
4642.7680	7.4262e+04	3.5684e+03
4645.0570	7.3790e+04	3.4984e+03
4647.3450	7.3514e+04	3.5212e+03
4649.6330	7.3162e+04	3.6885e+03
4651.9210	7.2716e+04	3.7081e+03
4654.2090	7.2446e+04	3.9157e+03
4656.4980	7.2161e+04	4.1415e+03
4658.7860	7.1774e+04	3.8972e+03
4661.0740	7.1303e+04	3.9384e+03
4663.3620	7.0777e+04	4.0032e+03
4665.6510	7.0412e+04	3.9721e+03
4667.9390	6.9898e+04	3.9569e+03
4670.2270	6.9529e+04	4.1336e+03
4672.5150	6.9076e+04	4.1227e+03
4674.8040	6.8684e+04	4.1196e+03
4677.0920	6.8432e+04	4.1110e+03
4679.3800	6.8129e+04	4.2951e+03
4681.6680	6.7809e+04	4.2015e+03
4683.9560	6.7517e+04	4.0556e+03
4686.2450	6.7176e+04	3.7854e+03
4688.5330	6.6972e+04	3.9171e+03
4690.8210	6.6907e+04	3.8612e+03
4693.1090	6.6779e+04	3.8933e+03
4695.3980	6.6548e+04	3.8426e+03
4697.6860	6.6290e+04	3.7663e+03
4699.9740	6.6063e+04	3.8050e+03
4702.2620	6.5764e+04	3.7083e+03
4704.5510	6.5538e+04	3.4623e+03
4706.8390	6.5326e+04	3.2913e+03
4709.1270	6.5285e+04	3.2971e+03
4711.4150	6.5233e+04	3.3826e+03
4713.7030	6.5233e+04	3.7371e+03
4715.9920	6.5259e+04	4.3614e+03
4718.2800	6.5172e+04	4.7321e+03
4720.5680	6.4990e+04	4.6317e+03
4722.8560	6.4754e+04	4.6491e+03
4725.1450	6.4689e+04	4.6634e+03
4727.4330	6.4519e+04	4.5376e+03
4729.7210	6.4435e+04	4.6184e+03
4732.0090	6.4448e+04	4.8416e+03
4734.2980	6.4648e+04	4.7286e+03
4736.5860	6.4689e+04	4.4674e+03
4738.8740	6.4651e+04	4.4373e+03
4741.1620	6.4461e+04	4.3901e+03
4743.4500	6.4150e+04	4.5414e+03
4745.7390	6.4237e+04	4.5326e+03
4748.0270	6.4072e+04	4.6246e+03
4750.3150	6.3929e+04	4.5915e+03
4752.6030	6.3832e+04	4.4887e+03
4754.8920	6.3457e+04	4.2635e+03
4757.1800	6.3332e+04	4.2592e+03
4759.4680	6.3407e+04	4.3290e+03
4761.7560	6.3484e+04	4.4897e+03
4764.0450	6.3552e+04	3.8923e+03
4766.3330	6.3648e+04	3.2973e+03
4768.6210	6.3726e+04	3.3700e+03
4770.9090	6.3715e+04	3.3803e+03
4773.1970	6.3690e+04	3.3759e+03
4775.4860	6.3735e+04	3.4226e+03
4777.7740	6.3680e+04	3.4055e+03
4780.0620	6.3578e+04	3.0641e+03
4782.3500	6.3452e+04	3.1551e+03
4784.6390	6.3464e+04	3.1373e+03
4786.9270	6.3502e+04	3.1052e+03
4789.2150	6.3471e+04	2.9412e+03
4791.5030	6.3320e+04	3.2142e+03
4793.7920	6.3082e+04	3.4479e+03
4796.0800	6.2919e+04	3.3351e+03
4798.3680	6.2702e+04	3.2766e+03
4800.6560	6.2562e+04	3.3152e+03
4802.9440	6.2419e+04	3.3763e+03
4805.2330	6.2148e+04	3.3504e+03
4807.5210	6.2018e+04	3.4601e+03
4809.8090	6.1788e+04	3.2739e+03
4812.0970	6.1553e+04	3.3534e+03
4814.3860	6.1399e+04	3.2991e+03
4816.6740	6.1206e+04	3.2984e+03
4818.9620	6.0747e+04	3.5959e+03
4821.2500	6.0506e+04	4.0045e+03
4823.5390	6.0302e+04	3.9764e+03
4825.8270	6.0200e+04	3.8635e+03
4828.1150	6.0089e+04	3.9084e+03
4830.4030	6.0169e+04	4.2034e+03
4832.6910	6.0204e+04	4.3497e+03
4834.9800	6.0099e+04	4.3537e+03
4837.2680	5.9760e+04	4.3882e+03
4839.5560	5.9351e+04	4.3028e+03
4841.8440	5.8907e+04	4.1986e+03
4844.1330	5.8700e+04	4.2471e+03
4846.4210	5.8464e+04	4.2588e+03
4848.7090	5.8311e+04	4.2410e+03
4850.9970	5.8172e+04	4.1979e+03
4853.2860	5.7946e+04	4.2053e+03
4855.5740	5.7623e+04	4.1052e+03
4857.8620	5.7456e+04	3.9229e+03
4860.1500	5.7396e+04	3.6968e+03
4862.4380	5.7245e+04	3.6408e+03
4864.7270	5.6981e+04	3.6311e+03
4867.0150	5.6954e+04	3.4248e+03
4869.3030	5.6888e+04	2.7236e+03
4871.5910	5.6932e+04	2.8128e+03
4873.8800	5.6919e+04	2.8137e+03
4876.1680	5.6839e+04	2.6836e+03
4878.4560	5.6873e+04	2.1916e+03
4880.7440	5.6936e+04	2.0582e+03
4883.0330	5.6965e+04	2.5797e+03
4885.3210	5.7290e+04	2.5655e+03
4887.6090	5.7531e+04	2.6446e+03
4889.8970	5.7671e+04	2.8236e+03
4892.1860	5.7803e+04	2.7964e+03
4894.4740	5.7992e+04	3.6263e+03
4896.7620	5.8072e+04	3.6214e+03
4899.0500	5.8300e+04	3.6136e+03
4901.3380	5.8619e+04	3.5988e+03
4903.6270	5.8933e+04	3.5911e+03
4905.9150	5.9390e+04	3.7205e+03
4908.2030	5.9678e+04	3.8470e+03
4910.4910	5.9951e+04	3.8978e+03
4912.7800	6.0335e+04	3.9389e+03
4915.0680	6.0648e+04	3.9197e+03
4917.3560	6.0916e+04	3.9028e+03
4919.6440	6.1282e+04	3.8566e+03
4921.9330	6.1632e+04	3.8546e+03
4924.2210	6.1881e+04	3.7581e+03
4926.5090	6.2272e+04	3.7685e+03
4928.7970	6.2583e+04	3.7680e+03
4931.0850	6.2741e+04	3.4475e+03
4933.3740	6.2893e+04	3.4489e+03
4935.6620	6.3030e+04	3.5036e+03
4937.9500	6.3158e+04	3.3745e+03
4940.2380	6.3330e+04	3.3758e+03
4942.5270	6.3626e+04	2.4038e+03
4944.8150	6.3613e+04	2.4363e+03
4947.1030	6.3664e+04	2.4215e+03
4949.3910	6.3764e+04	2.4806e+03
4951.6800	6.3676e+04	2.4816e+03
4953.9680	6.3843e+04	2.2721e+03
4956.2560	6.3902e+04	1.9690e+03
4958.5440	6.3724e+04	1.9658e+03
4960.8320	6.3569e+04	1.9825e+03
4963.1210	6.3439e+04	1.9857e+03
4965.4090	6.3344e+04	2.0229e+03
4967.6970	6.3263e+04	2.0337e+03
4969.9850	6.3111e+04	2.1287e+03
4972.2740	6.2940e+04	2.1454e+03
4974.5620	6.2784e+04	2.1424e+03
4976.8500	6.2608e+04	2.1398e+03
4979.1380	6.2410e+04	2.0305e+03
4981.4270	6.2242e+04	2.0883e+03
4983.7150	6.2106e+04	1.8880e+03
4986.0030	6.1943e+04	2.1545e+03
4988.2910	6.1733e+04	2.0991e+03
4990.5790	6.1509e+04	2.1887e+03
4992.8680	6.1305e+04	2.1847e+03
4995.1560	6.1018e+04	2.2241e+03
4997.4440	6.0868e+04	2.1676e+03
4999.7320	6.0620e+04	2.1510e+03
5002.0210	6.0421e+04	2.1442e+03
5004.3090	6.0234e+04	2.2030e+03
5006.5970	5.9841e+04	2.1032e+03
5008.8850	5.9625e+04	2.1105e+03
5011.1740	5.9525e+04	2.1115e+03
5013.4620	5.9228e+04	2.1023e+03
5015.7500	5.8970e+04	2.1458e+03
5018.0380	5.9059e+04	2.0610e+03
5020.3260	5.8899e+04	2.0461e+03
5022.6150	5.8728e+04	2.0643e+03
5024.9030	5.8522e+04	2.1206e+03
5027.1910	5.8415e+04	2.2379e+03
5029.4790	5.8186e+04	2.2693e+03
5031.7680	5.7869e+04	2.3266e+03
5034.0560	5.7503e+04	2.0575e+03
5036.3440	5.7268e+04	2.1384e+03
5038.6320	5.7014e+04	2.0784e+03
5040.9210	5.6797e+04	2.0582e+03
5043.2090	5.6637e+04	2.0396e+03
5045.4970	5.6474e+04	2.0396e+03
5047.7850	5.6358e+04	2.0441e+03
5050.0730	5.6286e+04	2.0430e+03
5052.3620	5.6259e+04	1.9865e+03
5054.6500	5.6323e+04	1.8069e+03
5056.9380	5.6396e+04	1.7595e+03
5059.2260	5.6363e+04	1.7987e+03
5061.5150	5.6378e+04	1.7793e+03
5063.8030	5.6442e+04	1.6910e+03
5066.0910	5.6477e+04	1.7970e+03
5068.3790	5.6496e+04	1.9934e+03
5070.6680	5.6598e+04	2.0707e+03
5072.9560	5.6815e+04	2.0219e+03
5075.2440	5.6970e+04	1.8932e+03
5077.5320	5.7009e+04	1.7213e+03
5079.8200	5.7035e+04	1.6281e+03
5082.1090	5.7192e+04	1.6673e+03
5084.3970	5.7300e+04	1.6217e+03
5086.6850	5.7503e+04	1.6483e+03
5088.9730	5.7701e+04	1.5628e+03
5091.2620	5.7894e+04	1.4733e+03
5093.5500	5.8040e+04	1.7991e+03
5095.8380	5.8267e+04	2.0762e+03
5098.1260	5.8492e+04	2.0958e+03
5100.4150	5.8707e+04	2.1036e+03
5102.7030	5.8960e+04	2.2446e+03
5104.9910	5.9098e+04	2.4582e+03
5107.2790	5.9249e+04	2.4828e+03
5109.5670	5.9519e+04	2.4781e+03
5111.8560	5.9758e+04	2.4742e+03
5114.1440	5.9923e+04	2.3853e+03
5116.4320	6.0045e+04	2.2441e+03
5118.7200	6.0085e+04	2.1969e+03
5121.0090	6.0151e+04	2.2629e+03
5123.2970	6.0255e+04	2.3549e+03
5125.5850	6.0375e+04	2.4180e+03
5127.8730	6.0512e+04	2.3969e+03
5130.1620	6.0661e+04	2.3209e+03
5132.4500	6.0788e+04	2.3172e+03
5134.7380	6.0889e+04	2.3242e+03
5137.0260	6.1014e+04	2.3243e+03
5139.3140	6.1205e+04	2.3570e+03
5141.6030	6.1449e+04	2.2593e+03
5143.8910	6.1678e+04	2.0447e+03
5146.1790	6.1825e+04	2.1220e+03
5148.4670	6.1905e+04	2.3780e+03
5150.7560	6.1967e+04	2.3332e+03
5153.0440	6.2041e+04	2.0737e+03
5155.3320	6.2142e+04	2.1366e+03
5157.6200	6.2271e+04	2.3422e+03
5159.9090	6.2414e+04	2.3810e+03
5162.1970	6.2496e+04	2.3755e+03
5164.4850	6.2487e+04	2.3860e+03
5166.7730	6.2511e+04	2.3887e+03
5169.0620	6.2661e+04	2.3613e+03
5171.3500	6.2845e+04	2.3139e+03
5173.6380	6.2964e+04	2.2741e+03
5175.9260	6.3017e+04	2.2809e+03
5178.2140	6.3030e+04	2.3793e+03
5180.5030	6.3004e+04	2.3969e+03
5182.7910	6.2958e+04	2.3898e+03
5185.0790	6.2960e+04	2.3916e+03
5187.3670	6.3041e+04	2.4052e+03
5189.6560	6.3174e+04	2.4016e+03
5191.9440	6.3323e+04	2.3944e+03
5194.2320	6.3455e+04	2.3547e+03
5196.5200	6.3583e+04	2.1655e+03
5198.8090	6.3745e+04	2.0373e+03
5201.0970	6.3942e+04	2.0659e+03
5203.3850	6.4143e+04	1.8579e+03
5205.6730	6.4292e+04	1.5020e+03
5207.9610	6.4334e+04	1.3907e+03
5210.2500	6.4356e+04	1.4159e+03
5212.5380	6.4485e+04	1.4786e+03
5214.8260	6.4649e+04	1.5011e+03
5217.1140	6.4719e+04	1.5305e+03
5219.4030	6.4778e+04	1.6140e+03
5221.6910	6.4940e+04	1.6121e+03
5223.9790	6.5072e+04	1.6332e+03
5226.2670	6.5031e+04	1.5214e+03
5228.5560	6.4934e+04	1.4744e+03
5230.8440	6.4905e+04	1.5274e+03
5233.1320	6.4898e+04	1.5953e+03
5235.4200	6.4852e+04	1.5465e+03
5237.7080	6.4776e+04	1.5104e+03
5239.9970	6.4686e+04	1.6770e+03
5242.2850	6.4594e+04	1.7138e+03
5244.5730	6.4526e+04	1.7503e+03
5246.8610	6.4521e+04	2.0293e+03
5249.1500	6.4581e+04	2.1970e+03
5251.4380	6.4670e+04	2.2114e+03
5253.7260	6.4762e+04	2.2358e+03
5256.0140	6.4841e+04	2.3614e+03
5258.3030	6.4906e+04	2.4614e+03
5260.5910	6.4978e+04	2.4700e+03
5262.8790	6.5071e+04	2.4619e+03
5265.1670	6.5179e+04	2.4370e+03
5267.4550	6.5255e+04	2.3615e+03
5269.7440	6.5236e+04	2.3664e+03
5272.0320	6.5176e+04	2.3560e+03
5274.3200	6.5196e+04	2.4048e+03
5276.6080	6.5303e+04	2.6033e+03
5278.8970	6.5436e+04	2.6935e+03
5281.1850	6.5555e+04	2.6494e+03
5283.4730	6.5626e+04	2.7834e+03
5285.7610	6.5657e+04	2.9661e+03
5288.0500	6.5670e+04	2.8786e+03
5290.3380	6.5626e+04	2.8526e+03
5292.6260	6.5528e+04	2.8086e+03
5294.9140	6.5491e+04	2.6209e+03
5297.2020	6.5578e+04	2.6674e+03
5299.4910	6.5680e+04	2.8453e+03
5301.7790	6.5718e+04	2.8239e+03
5304.0670	6.5776e+04	2.7091e+03
5306.3550	6.5906e+04	2.7065e+03
5308.6440	6.6025e+04	2.7620e+03
5310.9320	6.6054e+04	2.7479e+03
5313.2200	6.6000e+04	2.7567e+03
5315.5080	6.5930e+04	2.8144e+03
5317.7970	6.5945e+04	2.9673e+03
5320.0850	6.6037e+04	3.2263e+03
5322.3730	6.6079e+04	3.3794e+03
5324.6610	6.6029e+04	3.2962e+03
5326.9490	6.5969e+04	3.1896e+03
5329.2380	6.5958e+04	3.1873e+03
5331.5260	6.5997e+04	3.0896e+03
5333.8140	6.6052e+04	2.8832e+03
5336.1020	6.6091e+04	2.8534e+03
5338.3910	6.6104e+04	2.8515e+03
5340.6790	6.6081e+04	2.8536e+03
5342.9670	6.6022e+04	2.8531e+03
5345.2550	6.5961e+04	2.6748e+03
5347.5440	6.5937e+04	2.4295e+03
5349.8320	6.5953e+04	2.5661e+03
5352.1200	6.5948e+04	2.9472e+03
5354.4080	6.5867e+04	3.0347e+03
5356.6960	6.5738e+04	2.9521e+03
5358.9850	6.5614e+04	2.9631e+03
5361.2730	6.5515e+04	2.9996e+03
5363.5610	6.5451e+04	2.9951e+03
5365.8490	6.5415e+04	2.8745e+03
5368.1380	6.5359e+04	2.9320e+03
5370.4260	6.5234e+04	3.0352e+03
5372.7140	6.5048e+04	2.9849e+03
5375.0020	6.4882e+04	2.9527e+03
5377.2910	6.4771e+04	2.9341e+03
5379.5790	6.4670e+04	2.9347e+03
5381.8670	6.4529e+04	2.9653e+03
5384.1550	6.4327e+04	3.0048e+03
5386.4430	6.4086e+04	3.0122e+03
5388.7320	6.3869e+04	3.0201e+03
5391.0200	6.3702e+04	3.0664e+03
5393.3080	6.3572e+04	3.0195e+03
5395.5960	6.3441e+04	3.0020e+03
5397.8850	6.3243e+04	2.9369e+03
5400.1730	6.2960e+04	2.6454e+03
5402.4610	6.2638e+04	2.4453e+03
5404.7490	6.2359e+04	2.3702e+03
5407.0380	6.2196e+04	2.3172e+03
5409.3260	6.2105e+04	2.3119e+03
5411.6140	6.1973e+04	2.2720e+03
5413.9020	6.1803e+04	2.2658e+03
5416.1900	6.1650e+04	1.9172e+03
5418.4790	6.1436e+04	1.4432e+03
5420.7670	6.1081e+04	1.4002e+03
5423.0550	6.0704e+04	1.4206e+03
5425.3430	6.0430e+04	1.4245e+03
5427.6320	6.0169e+04	1.4501e+03
5429.9200	5.9804e+04	1.3834e+03
5432.2080	5.9382e+04	1.2626e+03
5434.4960	5.8987e+04	1.2265e+03
5436.7850	5.8648e+04	1.3471e+03
5439.0730	5.8374e+04	1.5531e+03
5441.3610	5.8180e+04	1.6361e+03
5443.6490	5.8055e+04	1.6241e+03
5445.9370	5.7943e+04	1.6819e+03
5448.2260	5.7814e+04	1.7187e+03
5450.5140	5.7685e+04	1.7108e+03
5452.8020	5.7569e+04	1.7263e+03
5455.0900	5.7461e+04	1.7669e+03
5457.3790	5.7359e+04	1.7347e+03
5459.6670	5.7270e+04	1.7862e+03
5461.9550	5.7197e+04	1.9145e+03
5464.2430	5.7142e+04	1.9592e+03
5466.5320	5.7131e+04	1.9375e+03
5468.8200	5.7194e+04	1.9380e+03
5471.1080	5.7263e+04	1.9355e+03
5473.3960	5.7229e+04	1.9348e+03
5475.6850	5.7107e+04	1.8968e+03
5477.9730	5.6993e+04	1.8771e+03
5480.2610	5.6909e+04	1.8781e+03
5482.5490	5.6825e+04	1.8762e+03
5484.8370	5.6706e+04	1.8128e+03
5487.1260	5.6552e+04	1.5688e+03
5489.4140	5.6472e+04	1.4964e+03
5491.7020	5.6545e+04	1.6058e+03
5493.9900	5.6641e+04	1.5994e+03
5496.2790	5.6624e+04	1.6028e+03
5498.5670	5.6537e+04	1.6049e+03
5500.8550	5.6459e+04	1.5332e+03
5503.1430	5.6390e+04	1.5095e+03
5505.4320	5.6313e+04	1.5102e+03
5507.7200	5.6231e+04	1.4636e+03
5510.0080	5.6153e+04	1.3400e+03
5512.2960	5.6096e+04	1.2906e+03
5514.5840	5.6045e+04	1.2967e+03
5516.8730	5.5931e+04	1.2960e+03
5519.1610	5.5754e+04	1.2983e+03
5521.4490	5.5600e+04	1.2957e+03
5523.7370	5.5480e+04	1.3031e+03
5526.0260	5.5333e+04	1.3140e+03
5528.3140	5.5157e+04	1.3086e+03
5530.6020	5.4982e+04	1.3125e+03
5532.8900	5.4816e+04	1.3015e+03
5535.1790	5.4672e+04	1.2627e+03
5537.4670	5.4544e+04	1.1552e+03
5539.7550	5.4399e+04	9.2890e+02
5542.0430	5.4227e+04	8.0461e+02
5544.3310	5.4042e+04	8.0891e+02
5546.6200	5.3816e+04	8.2398e+02
5548.9080	5.3511e+04	7.9818e+02
5551.1960	5.3170e+04	6.9859e+02
5553.4840	5.2860e+04	6.8871e+02
5555.7730	5.2587e+04	7.3062e+02
5558.0610	5.2344e+04	7.0655e+02
5560.3490	5.2160e+04	6.1800e+02
5562.6370	5.2037e+04	6.1576e+02
5564.9260	5.1880e+04	6.1602e+02
5567.2140	5.1636e+04	7.1943e+02
5569.5020	5.1392e+04	8.2343e+02
5571.7900	5.1214e+04	8.1585e+02
5574.0780	5.1060e+04	8.8395e+02
5576.3670	5.0863e+04	9.9689e+02
5578.6550	5.0576e+04	1.0524e+03
5580.9430	5.0239e+04	1.0533e+03
5583.2310	4.9962e+04	1.0772e+03
5585.5200	4.9759e+04	1.1461e+03
5587.8080	4.9542e+04	1.1728e+03
5590.0960	4.9279e+04	1.1463e+03
5592.3840	4.9006e+04	1.1640e+03
5594.6730	4.8741e+04	1.1898e+03
5596.9610	4.8479e+04	1.1927e+03
5599.2490	4.8233e+04	1.2112e+03
5601.5370	4.8026e+04	1.2530e+03
5603.8250	4.7869e+04	1.4550e+03
5606.1140	4.7740e+04	1.4785e+03
5608.4020	4.7584e+04	1.4816e+03
5610.6900	4.7351e+04	1.5108e+03
5612.9780	4.7054e+04	1.5824e+03
5615.2670	4.6728e+04	1.7080e+03
5617.5550	4.6427e+04	1.8712e+03
5619.8430	4.6179e+04	1.9696e+03
5622.1310	4.5904e+04	1.9197e+03
5624.4200	4.5531e+04	1.8714e+03
5626.7080	4.5132e+04	1.9210e+03
5628.9960	4.4783e+04	1.9783e+03
5631.2840	4.4466e+04	2.0032e+03
5633.5720	4.4164e+04	1.9927e+03
5635.8610	4.3902e+04	1.9715e+03
5638.1490	4.3679e+04	1.9708e+03
5640.4370	4.3460e+04	2.0125e+03
5642.7250	4.3237e+04	2.1371e+03
5645.0140	4.3040e+04	2.1878e+03
5647.3020	4.2871e+04	2.1661e+03
5649.5900	4.2695e+04	2.3160e+03
5651.8780	4.2537e+04	2.4024e+03
5654.1670	4.2468e+04	2.3750e+03
5656.4550	4.2453e+04	2.4100e+03
5658.7430	4.2394e+04	2.4209e+03
5661.0310	4.2289e+04	2.3832e+03
5663.3190	4.2212e+04	2.2646e+03
5665.6080	4.2205e+04	2.1067e+03
5667.8960	4.2262e+04	2.0120e+03
5670.1840	4.2330e+04	2.0186e+03
5672.4720	4.2363e+04	2.0473e+03
5674.7610	4.2390e+04	2.0412e+03
5677.0490	4.2449e+04	2.0360e+03
5679.3370	4.2523e+04	2.0457e+03
5681.6250	4.2585e+04	2.1973e+03
5683.9140	4.2642e+04	2.4155e+03
5686.2020	4.2724e+04	2.4978e+03
5688.4900	4.2857e+04	2.4898e+03
5690.7780	4.3027e+04	2.4014e+03
5693.0660	4.3185e+04	2.4218e+03
5695.3550	4.3325e+04	2.5692e+03
5697.6430	4.3500e+04	2.5434e+03
5699.9310	4.3720e+04	2.3865e+03
5702.2190	4.3926e+04	2.3816e+03
5704.5080	4.4067e+04	2.3483e+03
5706.7960	4.4131e+04	2.3364e+03
5709.0840	4.4156e+04	2.4211e+03
5711.3720	4.4221e+04	2.4855e+03
5713.6610	4.4365e+04	2.4478e+03
5715.9490	4.4582e+04	2.3687e+03
5718.2370	4.4841e+04	2.2918e+03
5720.5250	4.5091e+04	2.2054e+03
5722.8130	4.5312e+04	2.1288e+03
5725.1020	4.5549e+04	2.1687e+03
5727.3900	4.5829e+04	2.3079e+03
5729.6780	4.6123e+04	2.2358e+03
5731.9660	4.6401e+04	2.1639e+03
5734.2550	4.6651e+04	2.1078e+03
5736.5430	4.6854e+04	2.1473e+03
5738.8310	4.6988e+04	2.2069e+03
5741.1190	4.7070e+04	2.0527e+03
5743.4080	4.7146e+04	1.7684e+03
5745.6960	4.7276e+04	1.7221e+03
5747.9840	4.7487e+04	1.7247e+03
5750.2720	4.7713e+04	1.7299e+03
5752.5610	4.7884e+04	1.7324e+03
5754.8490	4.8027e+04	1.7824e+03
5757.1370	4.8184e+04	1.7516e+03
5759.4250	4.8339e+04	1.6960e+03
5761.7130	4.8487e+04	1.7201e+03
5764.0020	4.8683e+04	1.7209e+03
5766.2900	4.8939e+04	1.9503e+03
5768.5780	4.9167e+04	2.2199e+03
5770.8660	4.9304e+04	2.2952e+03
5773.1550	4.9364e+04	2.2730e+03
5775.4430	4.9385e+04	2.2167e+03
5777.7310	4.9426e+04	2.2566e+03
5780.0190	4.9520e+04	2.2061e+03
5782.3080	4.9632e+04	2.3551e+03
5784.5960	4.9758e+04	2.6302e+03
5786.8840	4.9948e+04	2.7732e+03
5789.1720	5.0180e+04	2.8378e+03
5791.4600	5.0375e+04	2.8659e+03
5793.7490	5.0552e+04	2.8167e+03
5796.0370	5.0799e+04	2.8206e+03
5798.3250	5.1132e+04	2.8147e+03
5800.6130	5.1512e+04	2.8162e+03
5802.9020	5.1860e+04	2.8226e+03
5805.1900	5.2095e+04	2.8175e+03
5807.4780	5.2239e+04	2.8244e+03
5809.7660	5.2371e+04	2.7992e+03
5812.0550	5.2528e+04	2.7992e+03
5814.3430	5.2694e+04	2.6718e+03
5816.6310	5.2821e+04	2.4536e+03
5818.9190	5.2880e+04	2.3570e+03
5821.2070	5.2921e+04	2.2501e+03
5823.4960	5.3006e+04	2.1305e+03
5825.7840	5.3124e+04	2.0891e+03
5828.0720	5.3253e+04	2.0920e+03
5830.3600	5.3436e+04	2.0273e+03
5832.6490	5.3692e+04	1.7189e+03
5834.9370	5.3965e+04	1.3601e+03
5837.2250	5.4194e+04	1.1670e+03
5839.5130	5.4360e+04	1.1098e+03
5841.8020	5.4494e+04	1.1730e+03
5844.0900	5.4650e+04	1.2019e+03
5846.3780	5.4835e+04	1.1924e+03
5848.6660	5.5022e+04	1.1888e+03
5850.9540	5.5204e+04	1.1192e+03
5853.2430	5.5361e+04	1.1629e+03
5855.5310	5.5487e+04	1.3124e+03
5857.8190	5.5624e+04	1.4321e+03
5860.1070	5.5805e+04	1.4627e+03
5862.3960	5.6016e+04	1.4633e+03
5864.6840	5.6215e+04	1.4375e+03
5866.9720	5.6352e+04	1.4493e+03
5869.2600	5.6443e+04	1.7426e+03
5871.5490	5.6560e+04	1.7795e+03
5873.8370	5.6713e+04	1.6927e+03
5876.1250	5.6867e+04	1.8601e+03
5878.4130	5.7030e+04	2.0955e+03
5880.7010	5.7230e+04	2.1917e+03
5882.9900	5.7475e+04	2.1921e+03
5885.2780	5.7750e+04	2.1970e+03
5887.5660	5.8003e+04	2.1856e+03
5889.8540	5.8183e+04	2.1166e+03
5892.1430	5.8319e+04	2.0809e+03
5894.4310	5.8450e+04	2.0858e+03
5896.7190	5.8540e+04	2.1340e+03
5899.0070	5.8561e+04	2.2223e+03
5901.2960	5.8559e+04	2.3043e+03
5903.5840	5.8579e+04	2.3044e+03
5905.8720	5.8630e+04	2.2601e+03
5908.1600	5.8718e+04	2.2946e+03
5910.4480	5.8842e+04	2.4075e+03
5912.7370	5.8966e+04	2.5115e+03
5915.0250	5.9052e+04	2.5040e+03
5917.3130	5.9089e+04	2.3121e+03
5919.6010	5.9077e+04	2.2136e+03
5921.8900	5.9040e+04	2.2675e+03
5924.1780	5.9020e+04	2.1796e+03
5926.4660	5.9022e+04	1.9981e+03
5928.7540	5.9004e+04	1.8887e+03
5931.0430	5.8923e+04	1.9624e+03
5933.3310	5.8771e+04	2.0159e+03
5935.6190	5.8605e+04	2.0087e+03
5937.9070	5.8495e+04	2.0078e+03
5940.1950	5.8460e+04	2.0086e+03
5942.4840	5.8466e+04	1.9904e+03
5944.7720	5.8412e+04	1.9110e+03
5947.0600	5.8225e+04	1.8194e+03
5949.3480	5.8001e+04	1.8059e+03
5951.6370	5.7852e+04	1.8726e+03
5953.9250	5.7736e+04	1.9634e+03
5956.2130	5.7584e+04	1.9798e+03
5958.5010	5.7413e+04	1.8848e+03
5960.7900	5.7258e+04	1.7590e+03
5963.0780	5.7124e+04	1.7305e+03
5965.3660	5.6984e+04	1.7345e+03
5967.6540	5.6805e+04	1.7363e+03
5969.9420	5.6595e+04	1.6263e+03
5972.2310	5.6383e+04	1.6006e+03
5974.5190	5.6177e+04	1.5974e+03
5976.8070	5.5971e+04	1.5907e+03
5979.0950	5.5777e+04	1.4686e+03
5981.3840	5.5605e+04	1.3190e+03
5983.6720	5.5415e+04	1.2548e+03
5985.9600	5.5144e+04	1.2379e+03
5988.2480	5.4836e+04	1.3351e+03
5990.5370	5.4625e+04	1.4276e+03
5992.8250	5.4520e+04	1.4707e+03
5995.1130	5.4415e+04	1.4553e+03
5997.4010	5.4267e+04	1.3351e+03
5999.6890	5.4096e+04	1.1615e+03
6001.9780	5.3904e+04	1.0453e+03
6004.2660	5.3700e+04	1.0384e+03
6006.5540	5.3498e+04	9.8720e+02
6008.8420	5.3305e+04	9.7948e+02
6011.1310	5.3115e+04	1.2141e+03
6013.4190	5.2909e+04	1.3238e+03
6015.7070	5.2664e+04	1.3175e+03
6017.9950	5.2402e+04	1.3987e+03
6020.2840	5.2209e+04	1.4199e+03
6022.5720	5.2128e+04	1.5088e+03
6024.8600	5.2101e+04	1.7156e+03
6027.1480	5.2051e+04	1.7679e+03
6029.4370	5.1934e+04	1.7921e+03
6031.7250	5.1752e+04	1.8456e+03
6034.0130	5.1573e+04	1.9460e+03
6036.3010	5.1430e+04	1.9430e+03
6038.5890	5.1308e+04	1.8967e+03
6040.8780	5.1194e+04	2.0100e+03
6043.1660	5.1065e+04	2.0900e+03
6045.4540	5.0904e+04	2.0790e+03
6047.7420	5.0744e+04	2.0737e+03
6050.0310	5.0628e+04	2.1081e+03
6052.3190	5.0552e+04	2.0917e+03
6054.6070	5.0457e+04	2.0770e+03
6056.8950	5.0289e+04	2.0715e+03
6059.1840	5.0070e+04	1.9670e+03
6061.4720	4.9851e+04	1.9294e+03
6063.7600	4.9613e+04	2.0294e+03
6066.0480	4.9320e+04	2.0003e+03
6068.3360	4.9037e+04	1.9692e+03
6070.6250	4.8853e+04	1.9615e+03
6072.9130	4.8740e+04	1.8580e+03
6075.2010	4.8620e+04	1.8354e+03
6077.4890	4.8473e+04	1.8940e+03
6079.7780	4.8315e+04	1.8871e+03
6082.0660	4.8186e+04	1.7744e+03
6084.3540	4.8124e+04	1.6847e+03
6086.6420	4.8133e+04	1.6846e+03
6088.9310	4.8175e+04	1.5931e+03
6091.2190	4.8189e+04	1.5249e+03
6093.5070	4.8155e+04	1.6949e+03
6095.7950	4.8115e+04	1.7900e+03
6098.0830	4.8090e+04	1.7134e+03
6100.3720	4.8052e+04	1.7221e+03
6102.6600	4.7998e+04	1.7304e+03
6104.9480	4.7989e+04	1.7250e+03
6107.2360	4.8036e+04	1.7884e+03
6109.5250	4.8064e+04	1.8020e+03
6111.8130	4.8041e+04	1.7358e+03
6114.1010	4.8004e+04	1.6793e+03
6116.3890	4.7973e+04	1.6647e+03
6118.6780	4.7930e+04	1.6281e+03
6120.9660	4.7884e+04	1.6065e+03
6123.2540	4.7860e+04	1.6035e+03
6125.5420	4.7809e+04	1.5138e+03
6127.8300	4.7664e+04	1.5480e+03
6130.1190	4.7512e+04	1.9765e+03
6132.4070	4.7504e+04	2.1798e+03
6134.6950	4.7596e+04	2.2149e+03
6136.9830	4.7648e+04	2.2374e+03
6139.2720	4.7615e+04	2.2330e+03
6141.5600	4.7524e+04	2.1485e+03
6143.8480	4.7443e+04	2.1639e+03
6146.1360	4.7445e+04	2.1804e+03
6148.4250	4.7489e+04	2.1546e+03
6150.7130	4.7516e+04	2.1643e+03
6153.0010	4.7584e+04	2.2475e+03
6155.2890	4.7745e+04	2.3385e+03
6157.5770	4.7942e+04	2.4881e+03
6159.8660	4.8117e+04	2.5601e+03
6162.1540	4.8256e+04	2.5563e+03
6164.4420	4.8357e+04	2.6161e+03
6166.7300	4.8437e+04	2.6796e+03
6169.0190	4.8526e+04	2.6830e+03
6171.3070	4.8626e+04	2.6793e+03
6173.5950	4.8691e+04	2.6732e+03
6175.8830	4.8670e+04	2.6093e+03
6178.1720	4.8607e+04	2.2685e+03
6180.4600	4.8607e+04	2.0104e+03
6182.7480	4.8703e+04	1.9670e+03
6185.0360	4.8880e+04	1.9502e+03
6187.3240	4.9106e+04	1.9611e+03
6189.6130	4.9332e+04	1.9742e+03
6191.9010	4.9566e+04	1.9116e+03
6194.1890	4.9861e+04	1.9145e+03
6196.4770	5.0194e+04	1.9161e+03
6198.7660	5.0491e+04	1.9724e+03
6201.0540	5.0720e+04	1.9081e+03
6203.3420	5.0895e+04	1.7043e+03
6205.6300	5.1045e+04	1.5862e+03
6207.9190	5.1195e+04	1.4002e+03
6210.2070	5.1339e+04	1.4687e+03
6212.4950	5.1471e+04	1.4277e+03
6214.7830	5.1652e+04	1.3573e+03
6217.0710	5.1928e+04	1.3859e+03
6219.3600	5.2215e+04	1.4189e+03
6221.6480	5.2430e+04	1.4580e+03
6223.9360	5.2615e+04	1.5384e+03
6226.2240	5.2844e+04	1.6780e+03
6228.5130	5.3153e+04	1.7283e+03
6230.8010	5.3530e+04	1.7225e+03
6233.0890	5.3896e+04	1.7342e+03
6235.3770	5.4217e+04	1.7221e+03
6237.6660	5.4565e+04	1.7212e+03
6239.9540	5.4967e+04	1.7829e+03
6242.2420	5.5353e+04	1.8286e+03
6244.5300	5.5718e+04	1.8360e+03
6246.8180	5.6147e+04	1.8280e+03
6249.1070	5.6622e+04	1.8334e+03
6251.3950	5.7013e+04	1.8863e+03
6253.6830	5.7323e+04	2.3557e+03
6255.9710	5.7691e+04	2.6822e+03
6258.2600	5.8159e+04	2.6285e+03
6260.5480	5.8669e+04	2.5824e+03
6262.8360	5.9193e+04	2.5850e+03
6265.1240	5.9739e+04	2.6003e+03
6267.4130	6.0278e+04	2.6066e+03
6269.7010	6.0755e+04	2.6172e+03
6271.9890	6.1201e+04	2.6901e+03
6274.2770	6.1692e+04	2.7683e+03
6276.5650	6.2241e+04	2.8577e+03
6278.8540	6.2832e+04	2.8945e+03
6281.1420	6.3467e+04	2.8787e+03
6283.4300	6.4122e+04	2.8760e+03
6285.7180	6.4709e+04	2.8634e+03
6288.0070	6.5187e+04	2.8075e+03
6290.2950	6.5655e+04	2.7672e+03
6292.5830	6.6182e+04	2.7780e+03
6294.8710	6.6695e+04	2.7522e+03
6297.1600	6.7126e+04	2.7005e+03
6299.4480	6.7476e+04	2.6587e+03
6301.7360	6.7788e+04	2.1726e+03
6304.0240	6.8113e+04	1.7050e+03
6306.3120	6.8444e+04	1.5961e+03
6308.6010	6.8734e+04	1.5422e+03
6310.8890	6.8978e+04	1.4401e+03
6313.1770	6.9205e+04	1.2601e+03
6315.4650	6.9412e+04	1.0827e+03
6317.7540	6.9575e+04	1.0842e+03
6320.0420	6.9670e+04	1.2124e+03
6322.3300	6.9677e+04	1.1949e+03
6324.6180	6.9632e+04	1.1358e+03
6326.9070	6.9626e+04	1.3678e+03
6329.1950	6.9655e+04	1.7882e+03
6331.4830	6.9632e+04	1.9877e+03
6333.7710	6.9546e+04	2.0041e+03
6336.0600	6.9444e+04	2.0296e+03
6338.3480	6.9313e+04	2.1013e+03
6340.6360	6.9114e+04	2.1006e+03
6342.9240	6.8857e+04	2.0836e+03
6345.2120	6.8574e+04	2.1051e+03
6347.5010	6.8290e+04	2.1272e+03
6349.7890	6.8016e+04	2.1170e+03
6352.0770	6.7719e+04	2.0609e+03
6354.3650	6.7367e+04	1.9693e+03
6356.6540	6.6995e+04	1.9030e+03
6358.9420	6.6645e+04	1.9214e+03
6361.2300	6.6302e+04	1.8988e+03
6363.5180	6.5925e+04	1.8191e+03
6365.8070	6.5487e+04	1.8319e+03
6368.0950	6.4988e+04	2.0303e+03
6370.3830	6.4426e+04	2.2479e+03
6372.6710	6.3857e+04	2.2904e+03
6374.9590	6.3429e+04	2.1855e+03
6377.2480	6.3157e+04	2.0439e+03
6379.5360	6.2883e+04	1.9103e+03
6381.8240	6.2562e+04	1.8790e+03
6384.1120	6.2285e+04	1.8642e+03
6386.4010	6.2040e+04	1.8002e+03
6388.6890	6.1741e+04	1.7748e+03
6390.9770	6.1385e+04	1.7936e+03
6393.2650	6.1007e+04	1.7640e+03
6395.5540	6.0607e+04	1.7228e+03
6397.8420	6.0184e+04	1.7428e+03
6400.1300	5.9787e+04	1.8137e+03
6402.4180	5.9468e+04	1.9155e+03
6404.7060	5.9218e+04	1.9817e+03
6406.9950	5.9000e+04	1.9503e+03
6409.2830	5.8794e+04	1.9856e+03
6411.5710	5.8587e+04	2.1271e+03
6413.8590	5.8341e+04	2.2385e+03
6416.1480	5.8049e+04	2.1408e+03
6418.4360	5.7793e+04	1.9397e+03
6420.7240	5.7624e+04	1.8748e+03
6423.0120	5.7466e+04	1.8685e+03
6425.3010	5.7250e+04	1.7331e+03
6427.5890	5.6982e+04	1.7133e+03
6429.8770	5.6692e+04	1.7523e+03
6432.1650	5.6413e+04	1.7680e+03
6434.4530	5.6158e+04	1.7672e+03
6436.7420	5.5898e+04	1.8050e+03
6439.0300	5.5613e+04	1.9153e+03
6441.3180	5.5314e+04	1.9574e+03
6443.6060	5.5029e+04	1.9612e+03
6445.8950	5.4762e+04	2.0051e+03
6448.1830	5.4515e+04	2.0075e+03
6450.4710	5.4305e+04	1.9137e+03
6452.7590	5.4119e+04	1.8689e+03
6455.0480	5.3907e+04	1.8724e+03
6457.3360	5.3658e+04	1.8407e+03
6459.6240	5.3390e+04	1.8969e+03
6461.9120	5.3113e+04	2.1505e+03
6464.2000	5.2840e+04	2.1754e+03
6466.4890	5.2592e+04	2.2241e+03
6468.7770	5.2379e+04	2.3195e+03
6471.0650	5.2179e+04	2.4141e+03
6473.3530	5.1975e+04	2.5482e+03
6475.6420	5.1791e+04	2.6459e+03
6477.9300	5.1654e+04	2.6454e+03
6480.2180	5.1507e+04	2.6302e+03
6482.5060	5.1318e+04	2.6447e+03
6484.7950	5.1195e+04	2.6510e+03
6487.0830	5.1182e+04	2.5807e+03
6489.3710	5.1082e+04	2.5413e+03
6491.6590	5.0858e+04	2.5625e+03
6493.9470	5.0553e+04	2.5175e+03
6496.2360	5.0237e+04	2.5228e+03
6498.5240	4.9966e+04	2.6000e+03
6500.8120	4.9750e+04	2.5972e+03
6503.1000	4.9521e+04	2.5921e+03
6505.3890	4.9245e+04	2.5903e+03
6507.6770	4.8975e+04	2.4363e+03
6509.9650	4.8738e+04	2.0649e+03
6512.2530	4.8502e+04	2.0426e+03
6514.5420	4.8262e+04	2.0862e+03
6516.8300	4.8007e+04	2.0037e+03
6519.1180	4.7756e+04	1.8691e+03
6521.4060	4.7572e+04	1.5961e+03
6523.6940	4.7477e+04	1.2805e+03
6525.9830	4.7467e+04	1.1435e+03
6528.2710	4.7536e+04	1.1867e+03
6530.5590	4.7657e+04	1.4289e+03
6532.8470	4.7758e+04	1.7276e+03
6535.1360	4.7795e+04	1.8833e+03
6537.4240	4.7857e+04	1.9702e+03
6539.7120	4.8054e+04	2.0412e+03
6542.0000	4.8364e+04	2.1774e+03
6544.2890	4.8722e+04	2.2329e+03
6546.5770	4.9121e+04	2.2350e+03
6548.8650	4.9571e+04	2.3561e+03
6551.1530	5.0061e+04	2.4615e+03
6553.4410	5.0583e+04	2.4823e+03
6555.7300	5.1140e+04	2.4785e+03
6558.0180	5.1712e+04	2.4315e+03
6560.3060	5.2233e+04	2.3445e+03
6562.5940	5.2665e+04	2.8160e+03
6564.8830	5.3044e+04	3.2278e+03
6567.1710	5.3442e+04	3.5733e+03
6569.4590	5.3920e+04	3.8315e+03
6571.7470	5.4445e+04	4.0156e+03
6574.0360	5.4895e+04	4.1799e+03
6576.3240	5.5218e+04	4.3305e+03
6578.6120	5.5457e+04	4.4148e+03
6580.9000	5.5651e+04	4.4195e+03
6583.1880	5.5788e+04	4.4202e+03
6585.4770	5.5857e+04	4.4228e+03
6587.7650	5.5893e+04	4.3824e+03
6590.0530	5.5916e+04	4.2803e+03
6592.3410	5.5905e+04	4.0870e+03
6594.6300	5.5872e+04	3.8876e+03
6596.9180	5.5844e+04	3.6507e+03
6599.2060	5.5764e+04	3.4460e+03
6601.4940	5.5561e+04	3.4074e+03
6603.7830	5.5289e+04	3.3688e+03
6606.0710	5.5028e+04	3.2391e+03
6608.3590	5.4749e+04	3.3957e+03
6610.6470	5.4407e+04	3.7604e+03
6612.9360	5.4019e+04	4.1625e+03
6615.2240	5.3624e+04	4.2525e+03
6617.5120	5.3224e+04	4.1862e+03
6619.8000	5.2786e+04	4.0888e+03
6622.0880	5.2280e+04	3.9722e+03
6624.3770	5.1721e+04	3.8250e+03
6626.6650	5.1148e+04	3.6428e+03
6628.9530	5.0580e+04	3.4210e+03
6631.2410	5.0004e+04	3.1869e+03
6633.5300	4.9391e+04	3.0121e+03
6635.8180	4.8705e+04	2.8698e+03
6638.1060	4.7971e+04	2.6464e+03
6640.3940	4.7277e+04	2.5137e+03
6642.6830	4.6652e+04	2.5099e+03
6644.9710	4.6050e+04	2.5830e+03
6647.2590	4.5434e+04	2.8722e+03
6649.5470	4.4803e+04	3.1248e+03
6651.8350	4.4187e+04	3.1987e+03
6654.1240	4.3622e+04	3.1983e+03
6656.4120	4.3109e+04	3.1856e+03
6658.7000	4.2618e+04	2.9602e+03
6660.9880	4.2170e+04	2.5949e+03
6663.2770	4.1815e+04	2.3884e+03
6665.5650	4.1554e+04	2.2714e+03
6667.8530	4.1348e+04	2.1457e+03
6670.1410	4.1146e+04	1.9978e+03
6672.4300	4.0935e+04	1.8537e+03
6674.7180	4.0781e+04	1.7410e+03
6677.0060	4.0744e+04	1.9371e+03
6679.2940	4.0815e+04	2.2351e+03
6681.5820	4.0952e+04	2.2519e+03
6683.8710	4.1044e+04	2.1998e+03
6686.1590	4.1038e+04	2.1763e+03
6688.4470	4.1110e+04	2.2139e+03
6690.7350	4.1251e+04	2.2680e+03
6693.0240	4.1343e+04	2.2779e+03
6695.3120	4.1347e+04	2.1617e+03
6697.6000	4.1359e+04	2.0184e+03
6699.8880	4.1419e+04	1.9610e+03
6702.1770	4.1473e+04	1.9562e+03
6704.4650	4.1507e+04	1.9154e+03
6706.7530	4.1555e+04	1.9276e+03
6709.0410	4.1597e+04	1.8117e+03
6711.3290	4.1566e+04	1.7100e+03
6713.6180	4.1455e+04	1.7811e+03
6715.9060	4.1362e+04	1.8478e+03
6718.1940	4.1314e+04	1.8404e+03
6720.4820	4.1235e+04	1.8304e+03
6722.7710	4.1120e+04	1.8973e+03
6725.0590	4.1018e+04	1.7934e+03
6727.3470	4.0938e+04	1.5467e+03
6729.6350	4.0861e+04	1.5330e+03
6731.9240	4.0822e+04	1.5463e+03
6734.2120	4.0871e+04	1.5857e+03
6736.5000	4.0950e+04	1.5666e+03
6738.7880	4.0958e+04	1.5055e+03
6741.0760	4.0908e+04	1.6847e+03
6743.3650	4.0858e+04	1.8915e+03
6745.6530	4.0815e+04	1.8824e+03
6747.9410	4.0773e+04	1.9566e+03
6750.2290	4.0745e+04	2.1168e+03
6752.5180	4.0732e+04	2.1215e+03
6754.8060	4.0693e+04	2.1162e+03
6757.0940	4.0594e+04	2.1072e+03
6759.3820	4.0439e+04	2.1085e+03
6761.6710	4.0270e+04	2.0490e+03
6763.9590	4.0157e+04	1.9604e+03
6766.2470	4.0093e+04	2.1273e+03
6768.5350	3.9959e+04	2.1681e+03
6770.8230	3.9720e+04	2.2175e+03
6773.1120	3.9472e+04	2.2901e+03
6775.4000	3.9287e+04	2.2962e+03
6777.6880	3.9181e+04	2.2970e+03
6779.9760	3.9125e+04	2.2961e+03
6782.2650	3.9036e+04	2.2582e+03
6784.5530	3.8901e+04	2.2750e+03
6786.8410	3.8775e+04	2.2654e+03
6789.1290	3.8671e+04	2.1418e+03
6791.4180	3.8557e+04	1.8806e+03
6793.7060	3.8399e+04	1.7938e+03
6795.9940	3.8190e+04	1.7874e+03
6798.2820	3.8009e+04	1.8290e+03
6800.5700	3.7950e+04	2.0162e+03
6802.8590	3.7941e+04	2.0608e+03
6805.1470	3.7860e+04	2.0414e+03
6807.4350	3.7750e+04	2.0824e+03
6809.7230	3.7687e+04	2.1770e+03
6812.0120	3.7635e+04	2.2576e+03
6814.3000	3.7552e+04	2.0468e+03
6816.5880	3.7452e+04	1.9592e+03
6818.8760	3.7332e+04	1.9429e+03
6821.1650	3.7173e+04	1.8953e+03
6823.4530	3.6983e+04	1.9082e+03
6825.7410	3.6765e+04	1.9431e+03
6828.0290	3.6526e+04	2.0181e+03
6830.3170	3.6288e+04	2.1459e+03
6832.6060	3.6071e+04	2.2132e+03
6834.8940	3.5889e+04	2.2425e+03
6837.1820	3.5741e+04	2.2262e+03
6839.4700	3.5595e+04	2.2217e+03
6841.7590	3.5421e+04	2.2261e+03
6844.0470	3.5213e+04	2.1502e+03
6846.3350	3.4969e+04	2.0025e+03
6848.6230	3.4703e+04	1.8424e+03
6850.9120	3.4458e+04	1.7651e+03
6853.2000	3.4280e+04	1.8446e+03
6855.4880	3.4184e+04	1.9523e+03
6857.7760	3.4153e+04	1.9723e+03
6860.0640	3.4134e+04	1.9400e+03
6862.3530	3.4057e+04	1.9270e+03
6864.6410	3.3894e+04	1.9256e+03
6866.9290	3.3673e+04	1.9238e+03
6869.2170	3.3506e+04	1.9518e+03
6871.5060	3.3497e+04	2.0790e+03
6873.7940	3.3580e+04	2.1683e+03
6876.0820	3.3624e+04	2.0595e+03
6878.3700	3.3584e+04	1.8369e+03
6880.6590	3.3503e+04	1.5943e+03
6882.9470	3.3492e+04	1.4328e+03
6885.2350	3.3587e+04	1.5273e+03
6887.5230	3.3649e+04	1.5895e+03
6889.8120	3.3609e+04	1.4773e+03
6892.1000	3.3620e+04	1.4901e+03
6894.3880	3.3771e+04	1.7476e+03
6896.6760	3.3947e+04	1.9767e+03
6898.9640	3.4087e+04	2.0136e+03
6901.2530	3.4271e+04	1.9771e+03
6903.5410	3.4516e+04	1.9321e+03
6905.8290	3.4722e+04	1.9026e+03
6908.1170	3.4862e+04	1.9347e+03
6910.4060	3.5007e+04	1.9943e+03
6912.6940	3.5172e+04	2.0310e+03
6914.9820	3.5306e+04	2.0455e+03
6917.2700	3.5423e+04	2.0072e+03
6919.5590	3.5598e+04	1.8093e+03
6921.8470	3.5852e+04	1.5429e+03
6924.1350	3.6155e+04	1.5836e+03
6926.4230	3.6473e+04	1.8118e+03
6928.7110	3.6774e+04	1.8785e+03
6931.0000	3.7022e+04	1.8731e+03
6933.2880	3.7204e+04	1.8535e+03
6935.5760	3.7348e+04	1.8533e+03
6937.8640	3.7500e+04	1.8407e+03
6940.1530	3.7669e+04	1.8536e+03
6942.4410	3.7846e+04	1.8245e+03
6944.7290	3.8034e+04	1.6839e+03
6947.0170	3.8214e+04	1.6387e+03
6949.3060	3.8319e+04	1.7236e+03
6951.5940	3.8328e+04	1.7971e+03
6953.8820	3.8318e+04	1.7968e+03
6956.1700	3.8345e+04	1.9033e+03
6958.4580	3.8401e+04	1.9557e+03
6960.7470	3.8452e+04	1.8986e+03
6963.0350	3.8450e+04	1.8572e+03
6965.3230	3.8395e+04	1.8606e+03
6967.6110	3.8365e+04	1.8425e+03
6969.9000	3.8398e+04	1.8502e+03
6972.1880	3.8456e+04	1.8153e+03
6974.4760	3.8498e+04	1.6891e+03
6976.7640	3.8510e+04	1.6134e+03
6979.0530	3.8502e+04	1.6973e+03
6981.3410	3.8490e+04	1.7632e+03
6983.6290	3.8457e+04	1.7499e+03
6985.9170	3.8367e+04	1.7591e+03
6988.2050	3.8236e+04	1.7720e+03
6990.4940	3.8120e+04	1.7271e+03
6992.7820	3.8077e+04	1.7169e+03
6995.0700	3.8139e+04	1.7233e+03
6997.3580	3.8242e+04	1.6202e+03
6999.6470	3.8293e+04	1.4939e+03
7001.9350	3.8305e+04	1.5173e+03
7004.2230	3.8338e+04	1.4316e+03
7006.5110	3.8382e+04	1.2864e+03
7008.8000	3.8403e+04	1.2678e+03
7011.0880	3.8438e+04	1.2623e+03
7013.3760	3.8533e+04	1.1832e+03
7015.6640	3.8643e+04	1.1518e+03
7017.9520	3.8719e+04	1.1571e+03
7020.2410	3.8817e+04	1.1565e+03
7022.5290	3.8973e+04	1.1092e+03
7024.8170	3.9135e+04	1.1427e+03
7027.1050	3.9276e+04	1.4441e+03
7029.3940	3.9419e+04	1.6383e+03
7031.6820	3.9565e+04	1.6234e+03
7033.9700	3.9686e+04	1.5814e+03
7036.2580	3.9776e+04	1.5624e+03
7038.5470	3.9842e+04	1.5621e+03
7040.8350	3.9902e+04	1.5620e+03
7043.1230	3.9971e+04	1.5589e+03
7045.4110	4.0060e+04	1.5689e+03
7047.6990	4.0178e+04	1.6288e+03
7049.9880	4.0315e+04	1.7129e+03
7052.2760	4.0441e+04	1.7292e+03
7054.5640	4.0532e+04	1.7214e+03
7056.8520	4.0587e+04	1.7730e+03
7059.1410	4.0625e+04	1.8161e+03
7061.4290	4.0684e+04	1.8021e+03
7063.7170	4.0795e+04	1.8195e+03
7066.0050	4.0968e+04	1.8599e+03
7068.2940	4.1169e+04	1.8469e+03
7070.5820	4.1339e+04	1.8717e+03
7072.8700	4.1432e+04	1.9793e+03
7075.1580	4.1452e+04	1.7694e+03
7077.4460	4.1477e+04	1.4580e+03
7079.7350	4.1572e+04	1.4608e+03
7082.0230	4.1690e+04	1.5620e+03
7084.3110	4.1768e+04	1.6206e+03
7086.5990	4.1829e+04	1.6688e+03
7088.8880	4.1905e+04	1.7319e+03
7091.1760	4.1971e+04	1.8195e+03
7093.4640	4.2006e+04	1.8661e+03
7095.7520	4.2043e+04	1.8240e+03
7098.0410	4.2113e+04	1.7845e+03
7100.3290	4.2201e+04	1.7335e+03
7102.6170	4.2259e+04	1.6952e+03
7104.9050	4.2247e+04	1.6234e+03
7107.1930	4.2191e+04	1.6391e+03
7109.4820	4.2151e+04	1.7479e+03
7111.7700	4.2141e+04	1.7778e+03
7114.0580	4.2143e+04	1.7477e+03
7116.3460	4.2157e+04	1.7491e+03
7118.6350	4.2184e+04	1.7335e+03
7120.9230	4.2193e+04	1.6837e+03
7123.2110	4.2152e+04	1.6894e+03
7125.4990	4.2061e+04	1.6893e+03
7127.7880	4.1934e+04	1.6421e+03
7130.0760	4.1780e+04	1.6075e+03
7132.3640	4.1611e+04	1.6447e+03
7134.6520	4.1454e+04	1.7035e+03
7136.9400	4.1320e+04	1.7178e+03
7139.2290	4.1185e+04	1.6777e+03
7141.5170	4.1030e+04	1.6353e+03
7143.8050	4.0867e+04	1.6375e+03
7146.0930	4.0724e+04	1.6478e+03
7148.3820	4.0658e+04	1.6861e+03
7150.6700	4.0693e+04	1.6672e+03
7152.9580	4.0754e+04	1.6732e+03
7155.2460	4.0779e+04	1.6375e+03
7157.5350	4.0794e+04	1.5538e+03
7159.8230	4.0835e+04	1.5115e+03
7162.1110	4.0915e+04	1.4979e+03
7164.3990	4.1038e+04	1.4988e+03
7166.6870	4.1191e+04	1.4753e+03
7168.9760	4.1323e+04	1.3895e+03
7171.2640	4.1366e+04	1.3604e+03
7173.5520	4.1361e+04	1.3832e+03
7175.8400	4.1432e+04	1.3885e+03
7178.1290	4.1581e+04	1.4605e+03
7180.4170	4.1715e+04	1.4157e+03
7182.7050	4.1827e+04	1.4001e+03
7184.9930	4.1984e+04	1.3398e+03
7187.2820	4.2211e+04	1.3055e+03
7189.5700	4.2495e+04	1.3178e+03
7191.8580	4.2803e+04	1.3329e+03
7194.1460	4.3090e+04	1.3509e+03
7196.4350	4.3327e+04	1.4401e+03
7198.7230	4.3532e+04	1.5268e+03
7201.0110	4.3773e+04	1.5677e+03
7203.2990	4.4094e+04	1.6029e+03
7205.5870	4.4433e+04	1.6228e+03
7207.8760	4.4728e+04	1.6201e+03
7210.1640	4.5002e+04	1.6273e+03
7212.4520	4.5309e+04	1.6205e+03
7214.7400	4.5691e+04	1.6120e+03
7217.0290	4.6127e+04	1.6528e+03
7219.3170	4.6505e+04	1.6501e+03
7221.6050	4.6782e+04	1.5815e+03
7223.8930	4.7052e+04	1.5796e+03
7226.1820	4.7375e+04	1.5582e+03
7228.4700	4.7696e+04	1.5587e+03
7230.7580	4.7992e+04	1.4535e+03
7233.0460	4.8313e+04	1.4057e+03
7235.3340	4.8656e+04	1.4084e+03
7237.6230	4.8952e+04	1.4166e+03
7239.9110	4.9182e+04	1.4338e+03
7242.1990	4.9369e+04	1.4647e+03
7244.4870	4.9538e+04	1.4288e+03
7246.7760	4.9713e+04	1.3993e+03
7249.0640	4.9886e+04	1.6342e+03
7251.3520	5.0031e+04	1.6573e+03
7253.6400	5.0188e+04	1.6257e+03
7255.9290	5.0415e+04	1.6237e+03
7258.2170	5.0666e+04	1.6672e+03
7260.5050	5.0863e+04	1.7316e+03
7262.7930	5.1011e+04	1.7622e+03
7265.0810	5.1147e+04	1.7198e+03
7267.3700	5.1287e+04	1.6720e+03
7269.6580	5.1429e+04	1.7365e+03
7271.9460	5.1582e+04	1.7890e+03
7274.2340	5.1747e+04	1.7765e+03
7276.5230	5.1892e+04	1.7715e+03
7278.8110	5.1997e+04	1.8167e+03
7281.0990	5.2096e+04	1.8871e+03
7283.3870	5.2202e+04	1.8814e+03
7285.6760	5.2275e+04	1.8963e+03
7287.9640	5.2314e+04	1.9089e+03
7290.2520	5.2371e+04	1.7878e+03
7292.5400	5.2476e+04	1.7880e+03
7294.8280	5.2634e+04	1.8544e+03
7297.1170	5.2802e+04	1.6607e+03
7299.4050	5.2889e+04	1.6373e+03
7301.6930	5.2876e+04	1.6677e+03
7303.9810	5.2846e+04	1.6903e+03
7306.2700	5.2859e+04	1.6441e+03
7308.5580	5.2896e+04	1.6261e+03
7310.8460	5.2927e+04	1.7836e+03
7313.1340	5.2940e+04	1.8287e+03
7315.4230	5.2949e+04	1.8290e+03
7317.7110	5.2961e+04	1.8034e+03
7319.9990	5.2916e+04	1.7740e+03
7322.2870	5.2763e+04	1.7725e+03
7324.5750	5.2569e+04	1.7614e+03
7326.8640	5.2425e+04	1.7789e+03
7329.1520	5.2333e+04	1.7779e+03
7331.4400	5.2262e+04	1.7792e+03
7333.7280	5.2186e+04	1.7547e+03
7336.0170	5.2096e+04	1.6962e+03
7338.3050	5.2046e+04	1.9154e+03
7340.5930	5.2068e+04	2.0764e+03
7342.8810	5.2090e+04	2.1174e+03
7345.1700	5.2049e+04	2.1220e+03
7347.4580	5.1970e+04	2.1136e+03
7349.7460	5.1886e+04	2.1264e+03
7352.0340	5.1811e+04	2.1121e+03
7354.3220	5.1729e+04	2.1139e+03
7356.6110	5.1583e+04	2.0524e+03
7358.8990	5.1355e+04	1.8486e+03
7361.1870	5.1092e+04	1.7249e+03
7363.4750	5.0821e+04	1.7262e+03
7365.7640	5.0529e+04	1.7344e+03
7368.0520	5.0226e+04	1.7552e+03
7370.3400	4.9976e+04	1.9116e+03
7372.6280	4.9771e+04	2.1840e+03
7374.9170	4.9517e+04	2.3313e+03
7377.2050	4.9216e+04	2.3150e+03
7379.4930	4.8971e+04	2.3196e+03
7381.7810	4.8805e+04	2.3298e+03
7384.0690	4.8668e+04	2.3188e+03
7386.3580	4.8537e+04	2.1487e+03
7388.6460	4.8399e+04	1.8706e+03
7390.9340	4.8206e+04	1.6667e+03
7393.2220	4.7927e+04	1.6757e+03
7395.5110	4.7642e+04	1.7096e+03
7397.7990	4.7451e+04	1.8613e+03
7400.0870	4.7314e+04	2.3323e+03
7402.3750	4.7136e+04	2.5162e+03
7404.6640	4.6914e+04	2.5567e+03
7406.9520	4.6686e+04	2.5549e+03
7409.2400	4.6459e+04	2.5911e+03
7411.5280	4.6236e+04	2.6431e+03
7413.8160	4.6010e+04	2.6483e+03
7416.1050	4.5767e+04	2.6519e+03
7418.3930	4.5514e+04	2.5661e+03
7420.6810	4.5280e+04	2.3221e+03
7422.9690	4.5080e+04	2.1146e+03
7425.2580	4.4906e+04	2.1257e+03
7427.5460	4.4747e+04	2.3125e+03
7429.8340	4.4585e+04	2.4912e+03
7432.1220	4.4380e+04	2.5532e+03
7434.4110	4.4155e+04	2.5494e+03
7436.6990	4.4001e+04	2.5554e+03
7438.9870	4.3921e+04	2.5539e+03
7441.2750	4.3816e+04	2.4701e+03
7443.5630	4.3645e+04	2.4114e+03
7445.8520	4.3426e+04	2.3681e+03
7448.1400	4.3200e+04	2.0064e+03
7450.4280	4.3014e+04	1.8598e+03
7452.7160	4.2855e+04	1.9377e+03
7455.0050	4.2661e+04	1.9391e+03
7457.2930	4.2446e+04	1.8668e+03
7459.5810	4.2276e+04	1.7414e+03
7461.8690	4.2152e+04	1.6925e+03
7464.1580	4.2033e+04	1.6975e+03
7466.4460	4.1895e+04	1.6822e+03
7468.7340	4.1733e+04	1.7741e+03
7471.0220	4.1571e+04	1.8943e+03
7473.3110	4.1435e+04	1.8564e+03
7475.5990	4.1330e+04	1.7534e+03
7477.8870	4.1254e+04	1.7169e+03
7480.1750	4.1177e+04	1.8371e+03
7482.4630	4.1071e+04	1.9241e+03
7484.7520	4.0967e+04	1.9104e+03
7487.0400	4.0888e+04	1.9236e+03
7489.3280	4.0793e+04	1.9284e+03
7491.6160	4.0644e+04	1.9389e+03
7493.9050	4.0435e+04	1.9450e+03
7496.1930	4.0159e+04	1.9522e+03
7498.4810	3.9813e+04	1.9240e+03
7500.7690	3.9450e+04	1.8591e+03
7503.0580	3.9158e+04	1.9566e+03
7505.3460	3.8961e+04	2.1650e+03
7507.6340	3.8818e+04	2.3564e+03
7509.9220	3.8724e+04	2.4266e+03
7512.2100	3.8713e+04	2.3953e+03
7514.4990	3.8748e+04	2.4521e+03
7516.7870	3.8751e+04	2.4427e+03
7519.0750	3.8752e+04	2.3800e+03
7521.3630	3.8858e+04	2.3996e+03
7523.6520	3.9036e+04	2.3569e+03
7525.9400	3.9163e+04	2.1784e+03
7528.2280	3.9202e+04	1.9221e+03
7530.5160	3.9185e+04	1.7554e+03
7532.8050	3.9152e+04	1.7931e+03
7535.0930	3.9136e+04	1.9077e+03
7537.3810	3.9132e+04	1.9835e+03
7539.6690	3.9101e+04	1.9430e+03
7541.9570	3.9006e+04	1.8954e+03
7544.2460	3.8851e+04	1.8954e+03
7546.5340	3.8668e+04	1.9017e+03
7548.8220	3.8449e+04	2.0126e+03
7551.1100	3.8132e+04	2.1510e+03
7553.3990	3.7712e+04	2.1745e+03
7555.6870	3.7275e+04	2.1835e+03
7557.9750	3.6860e+04	2.3704e+03
7560.2630	3.6407e+04	2.6840e+03
7562.5520	3.5889e+04	2.9062e+03
7564.8400	3.5330e+04	3.0324e+03
7567.1280	3.4723e+04	3.0399e+03
7569.4160	3.4038e+04	2.9527e+03
7571.7040	3.3321e+04	2.7903e+03
7573.9930	3.2668e+04	2.7896e+03
7576.2810	3.2063e+04	3.3431e+03
7578.5690	3.1406e+04	4.1017e+03
7580.8570	3.0687e+04	4.7481e+03
7583.1460	2.9967e+04	5.2433e+03
7585.4340	2.9252e+04	5.5708e+03
7587.7220	2.8521e+04	5.7375e+03
7590.0100	2.7820e+04	5.8004e+03
7592.2990	2.7207e+04	5.8184e+03
7594.5870	2.6651e+04	5.8201e+03
7596.8750	2.6078e+04	5.7917e+03
7599.1630	2.5484e+04	5.7338e+03
7601.4510	2.4902e+04	5.6567e+03
7603.7400	2.4348e+04	5.5121e+03
7606.0280	2.3839e+04	5.2553e+03
7608.3160	2.3382e+04	4.9262e+03
7610.6040	2.2995e+04	4.5746e+03
7612.8930	2.2699e+04	4.2325e+03
7615.1810	2.2465e+04	4.0180e+03
7617.4690	2.2231e+04	3.8394e+03
7619.7570	2.2016e+04	3.6930e+03
7622.0460	2.1913e+04	3.7378e+03
7624.3340	2.1945e+04	3.7639e+03
7626.6220	2.2052e+04	3.5781e+03
7628.9100	2.2209e+04	3.2141e+03
7631.1980	2.2433e+04	2.7795e+03
7633.4870	2.2717e+04	2.4094e+03
7635.7750	2.3024e+04	2.1266e+03
7638.0630	2.3346e+04	1.9436e+03
7640.3510	2.3727e+04	1.8917e+03
7642.6400	2.4186e+04	1.9312e+03
7644.9280	2.4708e+04	1.9308e+03
7647.2160	2.5273e+04	1.9645e+03
7649.5040	2.5867e+04	1.9635e+03
7651.7930	2.6463e+04	1.9657e+03
7654.0810	2.7050e+04	1.8840e+03
7656.3690	2.7684e+04	1.7122e+03
7658.6570	2.8421e+04	1.4649e+03
7660.9450	2.9204e+04	1.3999e+03
7663.2340	2.9959e+04	1.4646e+03
7665.5220	3.0687e+04	1.5244e+03
7667.8100	3.1407e+04	1.5278e+03
7670.0980	3.2099e+04	1.5384e+03
7672.3870	3.2752e+04	1.5660e+03
7674.6750	3.3404e+04	1.5756e+03
7676.9630	3.4061e+04	1.5804e+03
7679.2510	3.4631e+04	1.5442e+03
7681.5400	3.5056e+04	1.3877e+03
7683.8280	3.5380e+04	1.2922e+03
7686.1160	3.5649e+04	1.3524e+03
7688.4040	3.5868e+04	1.1918e+03
7690.6920	3.6046e+04	1.0735e+03
7692.9810	3.6203e+04	1.0637e+03
7695.2690	3.6333e+04	1.1672e+03
7697.5570	3.6430e+04	1.1785e+03
7699.8450	3.6543e+04	1.1963e+03
7702.1340	3.6734e+04	1.3097e+03
7704.4220	3.6993e+04	1.3098e+03
7706.7100	3.7267e+04	1.3106e+03
7708.9980	3.7528e+04	1.3197e+03
7711.2870	3.7757e+04	1.3146e+03
7713.5750	3.7906e+04	1.3144e+03
7715.8630	3.7941e+04	1.3346e+03
7718.1510	3.7932e+04	1.3581e+03
7720.4390	3.7971e+04	1.3666e+03
7722.7280	3.8031e+04	1.3556e+03
7725.0160	3.8055e+04	1.3592e+03
7727.3040	3.8063e+04	1.4529e+03
7729.5920	3.8106e+04	1.7243e+03
7731.8810	3.8224e+04	1.8179e+03
7734.1690	3.8416e+04	1.8106e+03
7736.4570	3.8605e+04	2.0983e+03
7738.7450	3.8729e+04	2.1472e+03
7741.0340	3.8828e+04	2.1439e+03
7743.3220	3.8968e+04	2.0739e+03
7745.6100	3.9141e+04	2.1038e+03
7747.8980	3.9318e+04	2.1264e+03
7750.1870	3.9514e+04	2.0678e+03
7752.4750	3.9720e+04	2.1316e+03
7754.7630	3.9859e+04	2.1677e+03
7757.0510	3.9914e+04	2.1595e+03
7759.3390	3.9970e+04	2.2048e+03
7761.6280	4.0079e+04	2.2488e+03
7763.9160	4.0213e+04	2.2794e+03
7766.2040	4.0336e+04	2.2746e+03
7768.4920	4.0445e+04	2.2786e+03
7770.7810	4.0541e+04	2.3827e+03
7773.0690	4.0599e+04	2.3914e+03
7775.3570	4.0617e+04	2.3740e+03
7777.6450	4.0640e+04	2.1773e+03
7779.9340	4.0703e+04	2.0989e+03
7782.2220	4.0799e+04	2.1493e+03
7784.5100	4.0887e+04	2.0109e+03
7786.7980	4.0933e+04	2.0522e+03
7789.0860	4.0943e+04	2.0893e+03
7791.3750	4.0940e+04	2.1466e+03
7793.6630	4.0945e+04	2.2925e+03
7795.9510	4.0980e+04	2.2448e+03
7798.2390	4.1049e+04	2.2570e+03
7800.5280	4.1130e+04	2.2116e+03
7802.8160	4.1171e+04	2.2048e+03
7805.1040	4.1144e+04	2.2652e+03
7807.3920	4.1086e+04	2.2560e+03
7809.6810	4.1037e+04	2.2068e+03
7811.9690	4.0973e+04	2.1540e+03
7814.2570	4.0866e+04	2.1205e+03
7816.5450	4.0767e+04	2.1229e+03
7818.8330	4.0724e+04	2.0626e+03
7821.1220	4.0698e+04	2.0633e+03
7823.4100	4.0638e+04	2.0357e+03
7825.6980	4.0549e+04	2.1089e+03
7827.9860	4.0460e+04	2.1508e+03
7830.2750	4.0390e+04	2.0652e+03
7832.5630	4.0323e+04	1.9972e+03
7834.8510	4.0229e+04	1.8826e+03
7837.1390	4.0107e+04	1.8048e+03
7839.4280	3.9986e+04	1.8042e+03
7841.7160	3.9862e+04	1.7440e+03
7844.0040	3.9707e+04	1.7706e+03
7846.2920	3.9545e+04	1.7447e+03
7848.5800	3.9427e+04	1.7585e+03
7850.8690	3.9371e+04	1.7513e+03
7853.1570	3.9375e+04	1.7191e+03
7855.4450	3.9389e+04	1.6965e+03
7857.7330	3.9333e+04	1.7154e+03
7860.0220	3.9190e+04	1.7676e+03
7862.3100	3.9015e+04	1.7676e+03
7864.5980	3.8857e+04	1.7875e+03
7866.8860	3.8733e+04	1.7946e+03
7869.1750	3.8633e+04	1.8121e+03
7871.4630	3.8536e+04	1.7956e+03
7873.7510	3.8420e+04	1.7182e+03
7876.0390	3.8260e+04	1.8131e+03
7878.3270	3.8060e+04	2.0293e+03
7880.6160	3.7855e+04	2.0179e+03
7882.9040	3.7669e+04	1.8917e+03
7885.1920	3.7528e+04	1.9119e+03
7887.4800	3.7474e+04	1.9350e+03
7889.7690	3.7464e+04	1.8355e+03
7892.0570	3.7355e+04	1.8052e+03
7894.3450	3.7129e+04	1.8437e+03
7896.6330	3.6927e+04	1.8323e+03
7898.9220	3.6801e+04	1.8275e+03
7901.2100	3.6668e+04	1.7917e+03
7903.4980	3.6499e+04	1.7604e+03
7905.7860	3.6336e+04	1.7524e+03
7908.0740	3.6176e+04	1.7037e+03
7910.3630	3.5981e+04	1.7202e+03
7912.6510	3.5782e+04	1.7229e+03
7914.9390	3.5659e+04	1.6829e+03
7917.2270	3.5603e+04	1.6553e+03
7919.5160	3.5528e+04	1.7083e+03
7921.8040	3.5404e+04	1.7735e+03
7924.0920	3.5274e+04	1.5714e+03
7926.3800	3.5205e+04	1.2058e+03
7928.6690	3.5215e+04	1.0233e+03
7930.9570	3.5205e+04	1.0249e+03
7933.2450	3.5086e+04	1.1142e+03
7935.5330	3.4911e+04	1.2545e+03
7937.8210	3.4755e+04	1.2919e+03
7940.1100	3.4634e+04	1.3048e+03
7942.3980	3.4528e+04	1.2903e+03
7944.6860	3.4386e+04	1.3147e+03
7946.9740	3.4194e+04	1.2988e+03
7949.2630	3.4010e+04	1.3285e+03
7951.5510	3.3866e+04	1.4980e+03
7953.8390	3.3747e+04	1.5585e+03
7956.1270	3.3658e+04	1.5668e+03
7958.4160	3.3608e+04	1.6296e+03
7960.7040	3.3559e+04	1.6318e+03
7962.9920	3.3434e+04	1.6432e+03
7965.2800	3.3228e+04	1.8320e+03
7967.5680	3.3020e+04	1.8082e+03
7969.8570	3.2864e+04	1.6898e+03
7972.1450	3.2765e+04	1.7424e+03
7974.4330	3.2727e+04	1.8668e+03
7976.7210	3.2756e+04	2.0247e+03
7979.0100	3.2790e+04	2.1750e+03
7981.2980	3.2742e+04	2.2065e+03
7983.5860	3.2641e+04	2.1617e+03
7985.8740	3.2584e+04	2.1525e+03
7988.1630	3.2588e+04	2.1672e+03
7990.4510	3.2615e+04	2.1948e+03
7992.7390	3.2630e+04	2.2008e+03
7995.0270	3.2614e+04	2.1791e+03
7997.3150	3.2581e+04	2.1145e+03
7999.6040	3.2538e+04	1.9321e+03
8001.8920	3.2470e+04	1.8595e+03
8004.1800	3.2386e+04	2.1567e+03
8006.4680	3.2332e+04	2.4177e+03
8008.7570	3.2323e+04	2.4520e+03
8011.0450	3.2301e+04	2.4291e+03
8013.3330	3.2237e+04	2.2504e+03
8015.6210	3.2199e+04	2.1981e+03
8017.9100	3.2203e+04	2.2127e+03
8020.1980	3.2161e+04	2.1678e+03
8022.4860	3.2030e+04	2.1521e+03
8024.7740	3.1873e+04	2.0435e+03
8027.0620	3.1744e+04	1.9522e+03
8029.3510	3.1651e+04	1.9210e+03
8031.6390	3.1589e+04	1.9056e+03
8033.9270	3.1561e+04	1.8914e+03
8036.2150	3.1544e+04	1.8552e+03
8038.5040	3.1502e+04	1.7384e+03
8040.7920	3.1441e+04	1.6889e+03
8043.0800	3.1411e+04	1.8583e+03
8045.3680	3.1426e+04	2.0779e+03
8047.6570	3.1463e+04	2.1972e+03
8049.9450	3.1501e+04	2.2179e+03
8052.2330	3.1533e+04	2.0406e+03
8054.5210	3.1546e+04	1.7932e+03
8056.8100	3.1522e+04	1.7310e+03
8059.0980	3.1456e+04	1.7347e+03
8061.3860	3.1362e+04	1.7107e+03
8063.6740	3.1248e+04	1.6588e+03
8065.9620	3.1110e+04	1.6411e+03
8068.2510	3.0961e+04	1.6365e+03
8070.5390	3.0817e+04	1.6013e+03
8072.8270	3.0665e+04	1.6044e+03
8075.1150	3.0492e+04	1.5913e+03
8077.4040	3.0323e+04	1.6509e+03
8079.6920	3.0198e+04	1.6913e+03
8081.9800	3.0130e+04	1.7048e+03
8084.2680	3.0074e+04	1.7112e+03
8086.5570	2.9926e+04	1.7383e+03
8088.8450	2.9658e+04	1.7268e+03
8091.1330	2.9366e+04	1.6201e+03
8093.4210	2.9108e+04	1.4333e+03
8095.7090	2.8851e+04	1.2176e+03
8097.9980	2.8609e+04	1.2367e+03
8100.2860	2.8448e+04	1.4435e+03
8102.5740	2.8362e+04	1.5936e+03
8104.8620	2.8285e+04	1.6647e+03
8107.1510	2.8180e+04	1.6537e+03
8109.4390	2.8053e+04	1.6422e+03
8111.7270	2.7920e+04	1.6423e+03
8114.0150	2.7798e+04	1.6448e+03
8116.3040	2.7687e+04	1.6622e+03
8118.5920	2.7570e+04	1.6404e+03
8120.8800	2.7446e+04	1.6313e+03
8123.1680	2.7326e+04	1.5987e+03
8125.4560	2.7169e+04	1.5228e+03
8127.7450	2.6935e+04	1.5037e+03
8130.0330	2.6698e+04	1.5059e+03
8132.3210	2.6541e+04	1.5306e+03
8134.6090	2.6412e+04	1.5610e+03
8136.8980	2.6247e+04	1.5560e+03
8139.1860	2.6073e+04	1.5264e+03
8141.4740	2.5954e+04	1.4538e+03
8143.7620	2.5953e+04	1.4707e+03
8146.0510	2.6062e+04	1.5173e+03
8148.3390	2.6160e+04	1.4504e+03
8150.6270	2.6174e+04	1.3203e+03
8152.9150	2.6151e+04	1.2597e+03
8155.2030	2.6136e+04	1.2572e+03
8157.4920	2.6104e+04	1.2787e+03
8159.7800	2.6027e+04	1.4026e+03
8162.0680	2.5904e+04	1.4951e+03
8164.3560	2.5775e+04	1.4879e+03
8166.6450	2.5695e+04	1.4505e+03
8168.9330	2.5681e+04	1.4571e+03
8171.2210	2.5710e+04	1.6155e+03
8173.5090	2.5745e+04	1.8202e+03
8175.7980	2.5754e+04	1.8438e+03
8178.0860	2.5733e+04	1.8278e+03
8180.3740	2.5712e+04	1.8609e+03
8182.6620	2.5723e+04	1.9473e+03
8184.9500	2.5769e+04	2.0625e+03
8187.2390	2.5819e+04	2.1227e+03
8189.5270	2.5852e+04	2.1237e+03
8191.8150	2.5912e+04	2.0861e+03
8194.1030	2.6037e+04	2.0282e+03
8196.3920	2.6160e+04	1.9804e+03
8198.6800	2.6202e+04	1.9503e+03
8200.9680	2.6171e+04	1.9581e+03
8203.2560	2.6117e+04	2.0246e+03
8205.5450	2.6058e+04	2.0834e+03
8207.8330	2.5993e+04	2.0479e+03
8210.1210	2.5937e+04	2.0310e+03
8212.4090	2.5880e+04	2.1794e+03
8214.6970	2.5767e+04	2.4187e+03
8216.9860	2.5590e+04	2.5640e+03
8219.2740	2.5425e+04	2.5105e+03
8221.5620	2.5310e+04	2.4035e+03
8223.8500	2.5206e+04	2.4560e+03
8226.1390	2.5107e+04	2.5298e+03
8228.4270	2.5045e+04	2.5373e+03
8230.7150	2.4998e+04	2.5194e+03
8233.0030	2.4920e+04	2.5496e+03
8235.2920	2.4824e+04	2.6016e+03
8237.5800	2.4770e+04	2.5927e+03
8239.8680	2.4751e+04	2.6236e+03
8242.1560	2.4718e+04	2.6710e+03
8244.4440	2.4657e+04	2.6823e+03
8246.7330	2.4574e+04	2.6887e+03
8249.0210	2.4494e+04	2.6889e+03
8251.3090	2.4446e+04	2.6689e+03
8253.5970	2.4388e+04	2.6527e+03
8255.8860	2.4276e+04	2.6773e+03
8258.1740	2.4171e+04	2.7057e+03
8260.4620	2.4146e+04	2.6093e+03
8262.7500	2.4182e+04	2.3871e+03
8265.0390	2.4226e+04	2.1913e+03
8267.3270	2.4238e+04	2.1590e+03
8269.6150	2.4211e+04	2.1654e+03
8271.9030	2.4184e+04	2.1451e+03
8274.1910	2.4172e+04	2.1075e+03
8276.4800	2.4147e+04	2.0381e+03
8278.7680	2.4107e+04	1.9463e+03
8281.0560	2.4089e+04	1.7762e+03
8283.3440	2.4098e+04	1.5823e+03
8285.6330	2.4118e+04	1.5957e+03
8287.9210	2.4156e+04	1.6201e+03
8290.2090	2.4234e+04	1.5132e+03
8292.4970	2.4351e+04	1.3986e+03
8294.7860	2.4500e+04	1.3360e+03
8297.0740	2.4673e+04	1.3179e+03
8299.3620	2.4845e+04	1.3484e+03
8301.6500	2.4985e+04	1.4460e+03
8303.9380	2.5086e+04	1.3856e+03
8306.2270	2.5157e+04	1.2642e+03
8308.5150	2.5215e+04	1.2255e+03
8310.8030	2.5261e+04	1.2263e+03
8313.0910	2.5288e+04	1.2230e+03
8315.3800	2.5304e+04	1.2487e+03
8317.6680	2.5314e+04	1.2053e+03
8319.9560	2.5312e+04	1.1326e+03
8322.2440	2.5301e+04	1.1097e+03
8324.5330	2.5303e+04	1.1183e+03
8326.8210	2.5327e+04	1.1159e+03
8329.1090	2.5319e+04	1.1071e+03
8331.3970	2.5250e+04	1.1464e+03
8333.6860	2.5204e+04	1.1152e+03
8335.9740	2.5261e+04	1.1526e+03
8338.2620	2.5418e+04	1.5648e+03
8340.5500	2.5598e+04	1.9435e+03
8342.8380	2.5680e+04	2.0557e+03
8345.1270	2.5648e+04	2.0556e+03
8347.4150	2.5653e+04	2.0431e+03
8349.7030	2.5749e+04	1.9579e+03
8351.9910	2.5819e+04	2.0216e+03
8354.2800	2.5814e+04	2.2827e+03
8356.5680	2.5789e+04	2.4475e+03
8358.8560	2.5785e+04	2.4763e+03
8361.1440	2.5833e+04	2.4750e+03
8363.4330	2.5966e+04	2.4521e+03
8365.7210	2.6191e+04	2.4491e+03
8368.0090	2.6464e+04	2.4430e+03
8370.2970	2.6716e+04	2.4159e+03
8372.5850	2.6925e+04	2.4252e+03
8374.8740	2.7103e+04	2.4312e+03
8377.1620	2.7263e+04	2.4315e+03
8379.4500	2.7433e+04	2.4189e+03
8381.7380	2.7636e+04	2.4166e+03
8384.0270	2.7869e+04	2.3749e+03
8386.3150	2.8107e+04	2.1175e+03
8388.6030	2.8332e+04	1.6988e+03
8390.8910	2.8543e+04	1.4757e+03
8393.1800	2.8727e+04	1.5732e+03
8395.4680	2.8868e+04	1.7457e+03
8397.7560	2.8992e+04	1.8800e+03
8400.0440	2.9183e+04	1.9465e+03
8402.3320	2.9471e+04	1.7803e+03
8404.6210	2.9755e+04	1.5283e+03
8406.9090	2.9951e+04	1.4571e+03
8409.1970	3.0066e+04	1.4513e+03
8411.4850	3.0169e+04	1.3815e+03
8413.7740	3.0377e+04	1.3860e+03
8416.0620	3.0685e+04	1.4252e+03
8418.3500	3.0927e+04	1.4534e+03
8420.6380	3.1073e+04	1.8479e+03
8422.9270	3.1272e+04	1.9841e+03
8425.2150	3.1545e+04	1.9806e+03
8427.5030	3.1761e+04	1.9816e+03
8429.7910	3.1902e+04	2.1513e+03
8432.0790	3.2073e+04	2.3487e+03
8434.3680	3.2297e+04	2.4526e+03
8436.6560	3.2512e+04	2.5463e+03
8438.9440	3.2671e+04	2.5872e+03
8441.2320	3.2775e+04	2.5443e+03
8443.5210	3.2889e+04	2.5651e+03
8445.8090	3.3074e+04	2.6233e+03
8448.0970	3.3284e+04	2.6403e+03
8450.3850	3.3452e+04	2.6207e+03
8452.6740	3.3632e+04	2.6161e+03
8454.9620	3.3906e+04	2.6157e+03
8457.2500	3.4216e+04	2.6101e+03
8459.5380	3.4459e+04	2.6195e+03
8461.8260	3.4604e+04	2.6023e+03
8464.1150	3.4687e+04	2.5370e+03
8466.4030	3.4793e+04	2.5330e+03
8468.6910	3.4983e+04	2.3112e+03
8470.9790	3.5222e+04	2.2435e+03
8473.2680	3.5471e+04	2.3235e+03
8475.5560	3.5774e+04	2.3369e+03
8477.8440	3.6172e+04	2.2896e+03
8480.1320	3.6641e+04	2.1575e+03
8482.4210	3.7115e+04	2.0458e+03
8484.7090	3.7534e+04	2.1703e+03
8486.9970	3.7913e+04	2.4153e+03
8489.2850	3.8312e+04	2.4315e+03
8491.5730	3.8748e+04	2.4369e+03
8493.8620	3.9209e+04	2.3317e+03
8496.1500	3.9688e+04	2.2450e+03
8498.4380	4.0166e+04	2.1402e+03
8500.7260	4.0657e+04	2.1460e+03
8503.0150	4.1199e+04	2.1634e+03
8505.3030	4.1783e+04	2.1634e+03
8507.5910	4.2365e+04	2.1542e+03
8509.8790	4.2932e+04	2.2329e+03
8512.1680	4.3497e+04	2.4870e+03
8514.4560	4.4050e+04	2.6630e+03
8516.7440	4.4555e+04	2.6684e+03
8519.0320	4.4969e+04	2.6450e+03
8521.3200	4.5282e+04	2.5361e+03
8523.6090	4.5550e+04	2.5118e+03
8525.8970	4.5815e+04	2.4935e+03
8528.1850	4.6057e+04	2.4734e+03
8530.4730	4.6270e+04	2.4589e+03
8532.7620	4.6501e+04	2.2288e+03
8535.0500	4.6760e+04	1.7632e+03
8537.3380	4.6994e+04	1.6886e+03
8539.6260	4.7188e+04	1.7479e+03
8541.9150	4.7431e+04	1.9177e+03
8544.2030	4.7771e+04	1.9670e+03
8546.4910	4.8113e+04	2.0474e+03
8548.7790	4.8387e+04	2.1281e+03
8551.0670	4.8657e+04	2.2215e+03
8553.3560	4.8990e+04	2.2723e+03
8555.6440	4.9373e+04	2.2718e+03
8557.9320	4.9791e+04	2.2203e+03
8560.2200	5.0258e+04	1.9708e+03
8562.5090	5.0764e+04	1.8698e+03
8564.7970	5.1260e+04	1.9278e+03
8567.0850	5.1719e+04	1.9332e+03
8569.3730	5.2152e+04	1.9084e+03
8571.6620	5.2551e+04	1.8679e+03
8573.9500	5.2904e+04	1.9352e+03
8576.2380	5.3276e+04	1.9717e+03
8578.5260	5.3746e+04	1.8749e+03
8580.8140	5.4243e+04	1.7929e+03
8583.1030	5.4643e+04	1.9417e+03
8585.3910	5.4951e+04	2.2845e+03
8587.6790	5.5239e+04	2.6462e+03
8589.9670	5.5530e+04	3.0100e+03
8592.2560	5.5818e+04	3.4164e+03
8594.5440	5.6103e+04	3.6378e+03
8596.8320	5.6400e+04	3.6235e+03
8599.1200	5.6716e+04	3.5565e+03
8601.4090	5.7026e+04	3.5186e+03
8603.6970	5.7329e+04	3.5132e+03
8605.9850	5.7669e+04	3.5895e+03
8608.2730	5.8117e+04	3.7008e+03
8610.5620	5.8656e+04	3.5925e+03
8612.8500	5.9150e+04	3.4872e+03
8615.1380	5.9557e+04	3.4937e+03
8617.4260	6.0030e+04	3.5425e+03
8619.7140	6.0652e+04	3.5716e+03
8622.0030	6.1332e+04	3.5237e+03
8624.2910	6.1986e+04	3.4785e+03
8626.5790	6.2611e+04	3.5858e+03
8628.8670	6.3216e+04	3.7848e+03
8631.1560	6.3788e+04	3.9131e+03
8633.4440	6.4318e+04	3.9121e+03
8635.7320	6.4814e+04	3.7857e+03
8638.0200	6.5299e+04	3.4745e+03
8640.3090	6.5806e+04	2.9138e+03
8642.5970	6.6272e+04	2.4381e+03
8644.8850	6.6590e+04	2.4071e+03
8647.1730	6.6808e+04	2.4554e+03
8649.4610	6.7046e+04	2.3214e+03
8651.7500	6.7294e+04	2.3613e+03
8654.0380	6.7484e+04	2.9076e+03
8656.3260	6.7620e+04	3.6088e+03
8658.6140	6.7737e+04	4.0621e+03
8660.9030	6.7854e+04	4.2812e+03
8663.1910	6.7982e+04	4.3756e+03
8665.4790	6.8123e+04	4.3838e+03
8667.7670	6.8271e+04	4.3189e+03
8670.0560	6.8427e+04	4.2251e+03
8672.3440	6.8593e+04	4.2172e+03
8674.6320	6.8759e+04	4.1825e+03
8676.9200	6.8929e+04	3.9918e+03
8679.2080	6.9108e+04	3.8086e+03
8681.4970	6.9285e+04	3.8692e+03
8683.7850	6.9469e+04	4.0918e+03
8686.0730	6.9699e+04	4.3663e+03
8688.3610	6.9981e+04	4.7615e+03
8690.6500	7.0288e+04	5.1968e+03
8692.9380	7.0597e+04	5.4711e+03
8695.2260	7.0937e+04	5.5504e+03
8697.5140	7.1349e+04	5.5431e+03
8699.8030	7.1771e+04	5.5201e+03
8702.0910	7.2083e+04	5.3001e+03
8704.3790	7.2310e+04	4.7953e+03
8706.6670	7.2554e+04	4.2869e+03
8708.9550	7.2804e+04	3.9450e+03
8711.2440	7.2980e+04	3.8944e+03
8713.5320	7.3009e+04	4.2144e+03
8715.8200	7.2866e+04	4.7565e+03
8718.1080	7.2660e+04	5.2393e+03
8720.3970	7.2527e+04	5.4355e+03
8722.6850	7.2435e+04	5.4867e+03
8724.9730	7.2286e+04	5.5449e+03
8727.2610	7.2067e+04	5.5963e+03
8729.5500	7.1805e+04	5.5309e+03
8731.8380	7.1477e+04	5.3585e+03
8734.1260	7.1052e+04	5.1306e+03
8736.4140	7.0552e+04	4.7359e+03
8738.7020	7.0045e+04	4.1289e+03
8740.9910	6.9611e+04	3.5311e+03
8743.2790	6.9264e+04	3.2097e+03
8745.5670	6.8923e+04	3.2327e+03
8747.8550	6.8545e+04	3.4232e+03
8750.1440	6.8166e+04	3.7343e+03
8752.4320	6.7823e+04	4.0879e+03
8754.7200	6.7521e+04	4.2841e+03
8757.0080	6.7237e+04	4.3862e+03
8759.2970	6.6939e+04	4.5145e+03
8761.5850	6.6635e+04	4.5592e+03
8763.8730	6.6352e+04	4.2133e+03
8766.1610	6.6079e+04	3.6995e+03
8768.4490	6.5788e+04	3.4217e+03
8770.7380	6.5496e+04	3.2900e+03
8773.0260	6.5238e+04	3.1650e+03
8775.3140	6.4950e+04	3.0410e+03
8777.6020	6.4532e+04	2.8348e+03
8779.8910	6.4030e+04	2.6042e+03
8782.1790	6.3558e+04	2.4467e+03
8784.4670	6.3105e+04	2.7306e+03
8786.7550	6.2617e+04	3.1596e+03
8789.0440	6.2102e+04	3.3579e+03
8791.3320	6.1576e+04	3.3706e+03
8793.6200	6.1040e+04	3.3692e+03
8795.9080	6.0503e+04	3.3964e+03
8798.1960	5.9952e+04	3.5546e+03
8800.4850	5.9396e+04	3.8038e+03
8802.7730	5.8939e+04	4.0205e+03
8805.0610	5.8624e+04	4.0588e+03
8807.3490	5.8331e+04	3.8921e+03
8809.6380	5.7997e+04	3.5304e+03
8811.9260	5.7699e+04	3.4344e+03
8814.2140	5.7472e+04	3.6607e+03
8816.5020	5.7262e+04	3.7482e+03
8818.7910	5.7005e+04	3.7020e+03
8821.0790	5.6660e+04	3.6999e+03
8823.3670	5.6273e+04	3.7061e+03
8825.6550	5.5975e+04	3.7038e+03
8827.9430	5.5791e+04	3.6705e+03
8830.2320	5.5640e+04	3.7038e+03
8832.5200	5.5468e+04	3.6335e+03
8834.8080	5.5257e+04	3.5282e+03
8837.0960	5.4986e+04	3.5490e+03
8839.3850	5.4650e+04	3.5767e+03
8841.6730	5.4290e+04	3.5590e+03
8843.9610	5.3961e+04	3.5529e+03
8846.2490	5.3653e+04	3.3765e+03
8848.5380	5.3308e+04	2.8603e+03
8850.8260	5.2904e+04	2.1821e+03
8853.1140	5.2446e+04	1.7747e+03
8855.4020	5.1915e+04	1.6621e+03
8857.6900	5.1311e+04	1.7326e+03
8859.9790	5.0689e+04	1.8013e+03
8862.2670	5.0091e+04	1.5602e+03
8864.5550	4.9487e+04	1.4591e+03
8866.8430	4.8844e+04	1.5888e+03
8869.1320	4.8169e+04	1.6160e+03
8871.4200	4.7487e+04	1.6370e+03
8873.7080	4.6835e+04	1.7712e+03
8875.9960	4.6223e+04	1.8412e+03
8878.2850	4.5603e+04	1.8523e+03
8880.5730	4.4959e+04	2.1814e+03
8882.8610	4.4362e+04	2.4119e+03
8885.1490	4.3843e+04	2.3409e+03
8887.4370	4.3347e+04	2.3082e+03
8889.7260	4.2834e+04	2.3461e+03
8892.0140	4.2327e+04	2.3497e+03
8894.3020	4.1824e+04	2.3696e+03
8896.5900	4.1280e+04	2.6034e+03
8898.8790	4.0734e+04	2.9856e+03
8901.1670	4.0298e+04	3.1495e+03
8903.4550	3.9956e+04	3.1838e+03
8905.7430	3.9582e+04	3.2503e+03
8908.0320	3.9110e+04	3.2968e+03
8910.3200	3.8567e+04	3.3240e+03
8912.6080	3.8075e+04	3.3115e+03
8914.8960	3.7732e+04	3.2414e+03
8917.1850	3.7409e+04	3.2072e+03
8919.4730	3.6935e+04	3.2181e+03
8921.7610	3.6347e+04	3.1859e+03
8924.0490	3.5748e+04	3.1767e+03
8926.3370	3.5174e+04	3.2241e+03
8928.6260	3.4635e+04	3.0691e+03
8930.9140	3.4113e+04	2.8275e+03
8933.2020	3.3598e+04	2.7087e+03
8935.4900	3.3130e+04	2.6162e+03
8937.7790	3.2738e+04	2.5479e+03
8940.0670	3.2393e+04	2.5701e+03
8942.3550	3.2046e+04	2.6162e+03
8944.6430	3.1680e+04	2.5101e+03
8946.9320	3.1295e+04	2.1602e+03
8949.2200	3.0883e+04	1.9062e+03
8951.5080	3.0461e+04	1.8171e+03
8953.7960	3.0056e+04	1.6970e+03
8956.0840	2.9679e+04	1.4807e+03
8958.3730	2.9335e+04	1.3024e+03
8960.6610	2.9030e+04	1.2241e+03
8962.9490	2.8747e+04	1.1776e+03
8965.2370	2.8476e+04	1.1613e+03
8967.5260	2.8230e+04	1.1724e+03
8969.8140	2.7986e+04	1.2157e+03
8972.1020	2.7703e+04	1.2958e+03
8974.3900	2.7355e+04	1.3354e+03
8976.6790	2.6973e+04	1.2665e+03
8978.9670	2.6671e+04	1.2143e+03
8981.2550	2.6518e+04	1.2375e+03
8983.5430	2.6401e+04	1.2398e+03
8985.8310	2.6219e+04	1.1616e+03
8988.1200	2.6016e+04	9.9001e+02
8990.4080	2.5859e+04	1.2430e+03
8992.6960	2.5770e+04	1.4462e+03
8994.9840	2.5763e+04	1.5092e+03
8997.2730	2.5831e+04	1.7870e+03
8999.5610	2.5925e+04	1.8260e+03
9001.8490	2.5946e+04	1.8446e+03
9004.1370	2.5840e+04	1.9113e+03
9006.4260	2.5680e+04	1.9372e+03
9008.7140	2.5533e+04	1.9371e+03
9011.0020	2.5378e+04	1.9918e+03
9013.2900	2.5213e+04	2.0388e+03
9015.5780	2.5091e+04	2.0352e+03
9017.8670	2.5018e+04	2.1234e+03
9020.1550	2.4949e+04	2.2539e+03
9022.4430	2.4865e+04	2.2917e+03
9024.7310	2.4753e+04	2.2723e+03
9027.0200	2.4634e+04	2.2745e+03
9029.3080	2.4564e+04	2.2680e+03
9031.5960	2.4545e+04	2.2763e+03
9033.8840	2.4525e+04	2.2572e+03
9036.1730	2.4493e+04	2.2569e+03
9038.4610	2.4462e+04	2.1359e+03
9040.7490	2.4436e+04	2.0962e+03
9043.0370	2.4412e+04	2.2094e+03
9045.3250	2.4390e+04	2.0751e+03
9047.6140	2.4371e+04	2.0103e+03
9049.9020	2.4355e+04	2.0789e+03
9052.1900	2.4335e+04	2.8082e+03
